/* Existing BitPOS transparent logo; technical resize only.
 * Source: asset-pack/brand/bitpos-logo-large.png
 * SHA256: 6a3465ae297e6170419e816072c1f6c419c52f8968563e94577092e4b949cccf
 * Provenance: asset-pack/brand/PROVENANCE.md; generator tools/firmware/convert-logo.py (Pillow11.3.0). */
#include "lvgl.h"

static const uint8_t pixels[] = {
    0x00,0x00,0x00,0x00,0x00,0x00,0x00,0x00,0x00,0x00,0x00,0x00,0x00,0x00,0x00,0x00,0x00,0x00,0x00,0x00,0x00,0x00,0x00,0x00,
    0x00,0x00,0x00,0x00,0x00,0x00,0x00,0x00,0x00,0x00,0x00,0x00,0x00,0x00,0x00,0x00,0x00,0x00,0x00,0x00,0x00,0x00,0x00,0x00,
    0x00,0x00,0x00,0x00,0x00,0x00,0x00,0x00,0x00,0x00,0x00,0x00,0x00,0x00,0x00,0x00,0x00,0x00,0x00,0x00,0x00,0x00,0x00,0x00,
    0x00,0x00,0x00,0x00,0x00,0x00,0x00,0x00,0x00,0x00,0x00,0x00,0x00,0x00,0x00,0x00,0x00,0x00,0x00,0x00,0x00,0x00,0x00,0x00,
    0x00,0x00,0x00,0x00,0x00,0x00,0x00,0x00,0x00,0x00,0x00,0x00,0x00,0x00,0x00,0x00,0x00,0x00,0x00,0x00,0x00,0x00,0x00,0x00,
    0x00,0xff,0xff,0x01,0x00,0x7f,0xff,0x04,0x00,0x55,0xff,0x03,0x00,0x00,0x00,0x00,0x00,0x00,0x00,0x00,0x00,0x7f,0xff,0x02,
    0x00,0x7f,0xff,0x04,0x00,0x7f,0xff,0x02,0x00,0x00,0x00,0x00,0x00,0x00,0x00,0x00,0x00,0x00,0x00,0x00,0x00,0x00,0x00,0x00,
    0x00,0x00,0x00,0x00,0x00,0x00,0x00,0x00,0x00,0x00,0x00,0x00,0x00,0x00,0x00,0x00,0x00,0x00,0x00,0x00,0x00,0x00,0x00,0x00,
    0x00,0x00,0x00,0x00,0x00,0x00,0x00,0x00,0x00,0x00,0x00,0x00,0x00,0x00,0x00,0x00,0x00,0x00,0x00,0x00,0x00,0x00,0x00,0x00,
    0x00,0x00,0x00,0x00,0x00,0x00,0x00,0x00,0x00,0x00,0x00,0x00,0x00,0x00,0x00,0x00,0x00,0x00,0x00,0x00,0x00,0x00,0x00,0x00,
    0x00,0x00,0x00,0x00,0x00,0x00,0x00,0x00,0x00,0x00,0x00,0x00,0x00,0x00,0x00,0x00,0x00,0x00,0x00,0x00,0x00,0x00,0x00,0x00,
    0x00,0x00,0x00,0x00,0x00,0x00,0x00,0x00,0x00,0x00,0x00,0x00,0x00,0x00,0x00,0x00,0x00,0x00,0x00,0x00,0x00,0x00,0x00,0x00,
    0x00,0x00,0x00,0x00,0x00,0x00,0x00,0x00,0x00,0x00,0x00,0x00,0x00,0x00,0x00,0x00,0x00,0x00,0x00,0x00,0x00,0x00,0x00,0x00,
    0x00,0x00,0x00,0x00,0x00,0x00,0x00,0x00,0x00,0x00,0x00,0x00,0x00,0x00,0x00,0x00,0x00,0x00,0x00,0x00,0x00,0x00,0x00,0x00,
    0x00,0x00,0x00,0x00,0x00,0x00,0x00,0x00,0x00,0x00,0x00,0x00,0x00,0x00,0x00,0x00,0x00,0x00,0x00,0x00,0x00,0x00,0x00,0x00,
    0x00,0x00,0x00,0x00,0x00,0x00,0x00,0x00,0x00,0x00,0x00,0x00,0x00,0x00,0x00,0x00,0x00,0x00,0x00,0x00,0x00,0x00,0x00,0x00,
    0x00,0x00,0x00,0x00,0x00,0x00,0x00,0x00,0x00,0x00,0x00,0x00,0x86,0x0e,0x63,0x24,0x8a,0x0e,0x66,0x5a,0x8d,0x0e,0x68,0x58,
    0x8e,0x0f,0x69,0x22,0x00,0x00,0x00,0x00,0x00,0x00,0x00,0x00,0x00,0x00,0x00,0x00,0x00,0x00,0x00,0x00,0x00,0x00,0x00,0x00,
    0x00,0x00,0x00,0x00,0x00,0x00,0x00,0x00,0x00,0x00,0x00,0x00,0x00,0x00,0x00,0x00,0x00,0x00,0x00,0x00,0x00,0x00,0x00,0x00,
    0x00,0x00,0x00,0x00,0x00,0x00,0x00,0x00,0x00,0x00,0x00,0x00,0x00,0x00,0x00,0x00,0x00,0x00,0x00,0x00,0x00,0x00,0x00,0x00,
    0x00,0x00,0x00,0x00,0x00,0x00,0x00,0x00,0x00,0x00,0x00,0x00,0x00,0x00,0x00,0x00,0x00,0x00,0x00,0x00,0x00,0x00,0x00,0x00,
    0x00,0x00,0x00,0x00,0x00,0x00,0x00,0x00,0x00,0x00,0x00,0x00,0x00,0x00,0x00,0x00,0x00,0x00,0x00,0x00,0x00,0x00,0x00,0x00,
    0x00,0x00,0x00,0x00,0x00,0x00,0x00,0x00,0x00,0x00,0x00,0x00,0x00,0x00,0x00,0x00,0x00,0x00,0x00,0x00,0x00,0x00,0x00,0x00,
    0x00,0x00,0x00,0x00,0x00,0x00,0x00,0x00,0x00,0x00,0x00,0x00,0x00,0x00,0x00,0x00,0x00,0x00,0x00,0x00,0x00,0x00,0x00,0x00,
    0x00,0x00,0x00,0x00,0x00,0x00,0x00,0x00,0x00,0x00,0x00,0x00,0x00,0x00,0x00,0x00,0x00,0x00,0x00,0x00,0x00,0x00,0x00,0x00,
    0x00,0x00,0x00,0x00,0x00,0x00,0x00,0x00,0x00,0x00,0x00,0x00,0x00,0x00,0x00,0x00,0x00,0x00,0x00,0x00,0x00,0x55,0xff,0x03,
    0x00,0x00,0x00,0x00,0x00,0x00,0x00,0x00,0x00,0x00,0x00,0x00,0x00,0x00,0xff,0x01,0x00,0x7f,0xff,0x02,0x00,0x00,0x00,0x00,
    0x00,0x00,0x00,0x00,0x00,0x00,0x00,0x00,0x00,0x55,0xff,0x03,0x00,0x00,0x00,0x00,0x00,0x00,0x00,0x00,0x00,0x00,0x00,0x00,
    0x00,0x00,0x00,0x00,0x00,0x00,0x00,0x00,0x00,0x00,0x00,0x00,0x00,0x00,0x00,0x00,0x00,0x00,0x00,0x00,0x00,0x00,0x00,0x00,
    0x00,0x00,0x00,0x00,0x00,0x00,0x00,0x00,0x00,0x00,0x00,0x00,0x00,0x00,0x00,0x00,0x00,0x00,0x00,0x00,0x00,0x00,0x00,0x00,
    0x00,0x00,0x00,0x00,0x00,0x00,0x00,0x00,0x00,0x00,0x00,0x00,0x00,0x00,0x00,0x00,0x00,0x00,0x00,0x00,0x00,0x00,0x00,0x00,
    0x00,0x00,0x00,0x00,0x00,0x00,0x00,0x00,0x00,0x00,0x00,0x00,0x00,0x00,0x00,0x00,0x00,0x00,0x00,0x00,0x00,0x00,0x00,0x00,
    0x00,0x00,0x00,0x00,0x00,0x00,0x00,0x00,0x00,0x00,0x00,0x00,0x00,0x00,0x00,0x00,0x00,0x00,0x00,0x00,0x00,0x00,0x00,0x00,
    0x00,0x00,0x00,0x00,0x00,0x00,0x00,0x00,0x00,0x00,0x00,0x00,0x00,0x00,0x00,0x00,0x00,0x00,0x00,0x00,0x00,0x00,0x00,0x00,
    0x00,0x00,0x00,0x00,0x00,0x00,0x00,0x00,0x00,0x00,0x00,0x00,0x00,0x00,0x00,0x00,0x00,0x00,0x00,0x00,0x00,0x00,0x00,0x00,
    0x00,0x00,0x00,0x00,0x00,0x00,0x00,0x00,0x00,0x00,0x00,0x00,0x00,0x00,0x00,0x00,0x00,0x00,0x00,0x00,0x00,0x00,0x00,0x00,
    0x00,0x00,0x00,0x00,0x00,0x00,0x00,0x00,0x00,0x00,0x00,0x00,0x00,0x00,0x00,0x00,0x00,0x00,0x00,0x00,0x00,0x00,0x00,0x01,
    0x7f,0x00,0x7f,0x02,0xaa,0x00,0x55,0x03,0x89,0x0e,0x65,0x8d,0x8b,0x0e,0x66,0xf2,0x8b,0x0f,0x68,0xff,0x8e,0x10,0x6b,0xff,
    0x8e,0x0f,0x6a,0xf0,0x8a,0x0f,0x65,0x85,0x7f,0x00,0x7f,0x02,0x7f,0x00,0x7f,0x02,0x00,0x00,0x00,0x01,0x00,0x00,0x00,0x00,
    0x00,0x00,0x00,0x00,0x00,0x00,0x00,0x00,0x00,0x00,0x00,0x00,0x00,0x00,0x00,0x00,0x00,0x00,0x00,0x00,0x00,0x00,0x00,0x00,
    0x00,0x00,0x00,0x00,0x00,0x00,0x00,0x00,0x00,0x00,0x00,0x00,0x00,0x00,0x00,0x00,0x00,0x00,0x00,0x00,0x00,0x00,0x00,0x00,
    0x00,0x00,0x00,0x00,0x00,0x00,0x00,0x00,0x00,0x00,0x00,0x00,0x00,0x00,0x00,0x00,0x00,0x00,0x00,0x00,0x00,0x00,0x00,0x00,
    0x00,0x00,0x00,0x00,0x00,0x00,0x00,0x00,0x00,0x00,0x00,0x00,0x00,0x00,0x00,0x00,0x00,0x00,0x00,0x00,0x00,0x00,0x00,0x00,
    0x00,0x00,0x00,0x00,0x00,0x00,0x00,0x00,0x00,0x00,0x00,0x00,0x00,0x00,0x00,0x00,0x00,0x00,0x00,0x00,0x00,0x00,0x00,0x00,
    0x00,0x00,0x00,0x00,0x00,0x00,0x00,0x00,0x00,0x00,0x00,0x00,0x00,0x00,0x00,0x00,0x00,0x00,0x00,0x00,0x00,0x00,0x00,0x00,
    0x00,0x00,0x00,0x00,0x00,0x00,0x00,0x00,0x00,0x00,0x00,0x00,0x00,0x00,0x00,0x00,0x00,0x00,0x00,0x00,0x00,0x00,0x00,0x00,
    0x00,0x00,0x00,0x00,0x00,0x00,0x00,0x00,0x00,0x00,0x00,0x00,0x00,0x00,0x00,0x00,0x00,0x7f,0xff,0x02,0x00,0x00,0x00,0x00,
    0x00,0x74,0xf4,0x18,0x00,0x79,0xfc,0x73,0x00,0x78,0xfd,0xb6,0x02,0x78,0xfc,0xd6,0x02,0x78,0xfc,0xd8,0x01,0x79,0xfc,0xbd,
    0x00,0x7b,0xff,0x7c,0x00,0x77,0xff,0x20,0x00,0x00,0x00,0x00,0x00,0x7f,0xff,0x02,0x00,0x00,0x00,0x00,0x00,0x00,0x00,0x00,
    0x00,0x00,0x00,0x00,0x00,0x00,0x00,0x00,0x00,0x00,0x00,0x00,0x00,0x00,0x00,0x00,0x00,0x00,0x00,0x00,0x00,0x00,0x00,0x00,
    0x00,0x00,0x00,0x00,0x00,0x00,0x00,0x00,0x00,0x00,0x00,0x00,0x00,0x00,0x00,0x00,0x00,0x00,0x00,0x00,0x00,0x00,0x00,0x00,
    0x00,0x00,0x00,0x00,0x00,0x00,0x00,0x00,0x00,0x00,0x00,0x00,0x00,0x00,0x00,0x00,0x00,0x00,0x00,0x00,0x00,0x00,0x00,0x00,
    0x00,0x00,0x00,0x00,0x00,0x00,0x00,0x00,0x00,0x00,0x00,0x00,0x00,0x00,0x00,0x00,0x00,0x00,0x00,0x00,0x00,0x00,0x00,0x00,
    0x00,0x00,0x00,0x00,0x00,0x00,0x00,0x00,0x00,0x00,0x00,0x00,0x00,0x00,0x00,0x00,0x00,0x00,0x00,0x00,0x00,0x00,0x00,0x00,
    0x00,0x00,0x00,0x00,0x00,0x00,0x00,0x00,0x00,0x00,0x00,0x00,0x00,0x00,0x00,0x00,0x00,0x00,0x00,0x00,0x00,0x00,0x00,0x00,
    0x00,0x00,0x00,0x00,0x00,0x00,0x00,0x00,0x00,0x00,0x00,0x00,0x00,0x00,0x00,0x00,0x00,0x00,0x00,0x00,0x00,0x00,0x00,0x00,
    0x00,0x00,0x00,0x00,0x00,0x00,0x00,0x00,0x00,0x00,0x00,0x00,0x00,0x00,0x00,0x00,0x00,0x00,0x00,0x00,0x00,0x00,0x00,0x00,
    0x00,0x00,0x00,0x00,0x00,0x00,0x00,0x00,0x00,0x00,0x00,0x00,0x00,0x00,0x00,0x00,0x00,0x00,0x00,0x00,0x55,0x00,0x55,0x03,
    0x00,0x00,0x00,0x00,0x87,0x0f,0x63,0x95,0x96,0x11,0x70,0xff,0x87,0x0e,0x66,0xff,0x86,0x0e,0x65,0xfc,0x86,0x0f,0x65,0xfc,
    0x87,0x0f,0x65,0xff,0x97,0x10,0x70,0xff,0x8a,0x0f,0x65,0x83,0x00,0x00,0x00,0x00,0xaa,0x00,0x55,0x03,0x00,0x00,0x00,0x00,
    0x00,0x00,0x00,0x00,0x00,0x00,0x00,0x00,0x00,0x00,0x00,0x00,0x00,0x00,0x00,0x00,0x00,0x00,0x00,0x00,0x00,0x00,0x00,0x00,
    0x00,0x00,0x00,0x00,0x00,0x00,0x00,0x00,0x00,0x00,0x00,0x00,0x00,0x00,0x00,0x00,0x00,0x00,0x00,0x00,0x00,0x00,0x00,0x00,
    0x00,0x00,0x00,0x00,0x00,0x00,0x00,0x00,0x00,0x00,0x00,0x00,0x00,0x00,0x00,0x00,0x00,0x00,0x00,0x00,0x00,0x00,0x00,0x00,
    0x00,0x00,0x00,0x00,0x00,0x00,0x00,0x00,0x00,0x00,0x00,0x00,0x00,0x00,0x00,0x00,0x00,0x00,0x00,0x00,0x00,0x00,0x00,0x00,
    0x00,0x00,0x00,0x00,0x00,0x00,0x00,0x00,0x00,0x00,0x00,0x00,0x00,0x00,0x00,0x00,0x00,0x00,0x00,0x00,0x00,0x00,0x00,0x00,
    0x00,0x00,0x00,0x00,0x00,0x00,0x00,0x00,0x00,0x00,0x00,0x00,0x00,0x00,0x00,0x00,0x00,0x00,0x00,0x00,0x00,0x00,0x00,0x00,
    0x00,0x00,0x00,0x00,0x00,0x00,0x00,0x00,0x00,0x00,0x00,0x00,0x00,0x00,0x00,0x00,0x00,0x00,0x00,0x00,0x00,0x00,0x00,0x00,
    0x00,0x00,0x00,0x00,0x00,0x00,0x00,0x00,0x00,0x00,0x00,0x00,0x00,0x55,0xff,0x03,0x00,0x00,0x00,0x00,0x00,0x7a,0xfc,0x60,
    0x00,0x79,0xfd,0xe9,0x02,0x7f,0xff,0xff,0x04,0x80,0xff,0xff,0x00,0x7a,0xff,0xff,0x00,0x78,0xff,0xff,0x00,0x7d,0xff,0xff,
    0x00,0x7f,0xff,0xff,0x00,0x79,0xfd,0xf1,0x00,0x76,0xfa,0x6e,0x00,0x00,0x00,0x00,0x00,0x55,0xff,0x03,0x00,0x00,0x00,0x00,
    0x00,0x00,0x00,0x00,0x00,0x00,0x00,0x00,0x00,0x00,0x00,0x00,0x00,0x00,0x00,0x00,0x00,0x00,0x00,0x00,0x00,0x00,0x00,0x00,
    0x00,0x00,0x00,0x00,0x00,0x00,0x00,0x00,0x00,0x00,0x00,0x00,0x00,0x00,0x00,0x00,0x00,0x00,0x00,0x00,0x00,0x00,0x00,0x00,
    0x00,0x00,0x00,0x00,0x00,0x00,0x00,0x00,0x00,0x00,0x00,0x00,0x00,0x00,0x00,0x00,0x00,0x00,0x00,0x00,0x00,0x00,0x00,0x00,
    0x00,0x00,0x00,0x00,0x00,0x00,0x00,0x00,0x00,0x00,0x00,0x00,0x00,0x00,0x00,0x00,0x00,0x00,0x00,0x00,0x00,0x00,0x00,0x00,
    0x00,0x00,0x00,0x00,0x00,0x00,0x00,0x00,0x00,0x00,0x00,0x00,0x00,0x00,0x00,0x00,0x00,0x00,0x00,0x00,0x00,0x00,0x00,0x00,
    0x00,0x00,0x00,0x00,0x00,0x00,0x00,0x00,0x00,0x00,0x00,0x00,0x00,0x00,0x00,0x00,0x00,0x00,0x00,0x00,0x00,0x00,0x00,0x00,
    0x00,0x00,0x00,0x00,0x00,0x00,0x00,0x00,0x00,0x00,0x00,0x00,0x00,0x00,0x00,0x00,0x00,0x00,0x00,0x00,0x00,0x00,0x00,0x00,
    0x00,0x00,0x00,0x00,0x00,0x00,0x00,0x00,0x00,0x00,0x00,0x00,0x00,0x00,0x00,0x00,0x00,0x00,0x00,0x00,0x00,0x00,0x00,0x00,
    0x00,0x00,0x00,0x00,0x00,0x00,0x00,0x00,0x00,0x00,0x00,0x00,0x00,0x00,0x00,0x00,0x7f,0x00,0x7f,0x02,0x00,0x00,0x00,0x00,
    0x89,0x0d,0x62,0x27,0x88,0x10,0x65,0xfe,0x87,0x0e,0x66,0xfb,0x87,0x0e,0x66,0xfc,0x87,0x0f,0x65,0xfe,0x87,0x0f,0x65,0xfe,
    0x86,0x0e,0x65,0xfc,0x89,0x0f,0x67,0xfc,0x8a,0x0f,0x64,0xf5,0x85,0x0b,0x63,0x17,0x00,0x00,0x00,0x00,0xff,0x00,0xff,0x01,
    0x00,0x00,0x00,0x00,0x00,0x00,0x00,0x00,0x00,0x00,0x00,0x00,0x00,0x00,0x00,0x00,0x00,0x00,0x00,0x00,0x00,0x00,0x00,0x00,
    0x00,0x00,0x00,0x00,0x00,0x00,0x00,0x00,0x00,0x00,0x00,0x00,0x00,0x00,0x00,0x00,0x00,0x00,0x00,0x00,0x00,0x00,0x00,0x00,
    0x00,0x00,0x00,0x00,0x00,0x00,0x00,0x00,0x00,0x00,0x00,0x00,0x00,0x00,0x00,0x00,0x00,0x00,0x00,0x00,0x00,0x00,0x00,0x00,
    0x00,0x00,0x00,0x00,0x00,0x00,0x00,0x00,0x00,0x00,0x00,0x00,0x00,0x00,0x00,0x00,0x00,0x00,0x00,0x00,0x00,0x00,0x00,0x00,
    0x00,0x00,0x00,0x00,0x00,0x00,0x00,0x00,0x00,0x00,0x00,0x00,0x00,0x00,0x00,0x00,0x00,0x00,0x00,0x00,0x00,0x00,0x00,0x00,
    0x00,0x00,0x00,0x00,0x00,0x00,0x00,0x00,0x00,0x00,0x00,0x00,0x00,0x00,0x00,0x00,0x00,0x00,0x00,0x00,0x00,0x00,0x00,0x00,
    0x00,0x00,0x00,0x00,0x00,0x00,0x00,0x00,0x00,0x00,0x00,0x00,0x00,0x00,0x00,0x00,0x00,0x00,0x00,0x00,0x00,0x00,0x00,0x00,
    0x00,0x00,0x00,0x00,0x00,0x00,0x00,0x00,0x00,0x55,0xff,0x03,0x00,0x00,0x00,0x00,0x00,0x73,0xfa,0x73,0x00,0x7e,0xff,0xff,
    0x00,0x79,0xff,0xff,0x00,0x73,0xfc,0xf9,0x00,0x6a,0xfc,0xfb,0x22,0x8a,0xfb,0xfc,0x30,0x92,0xfc,0xfb,0x0b,0x7d,0xfc,0xfb,
    0x06,0x7b,0xfb,0xfa,0x00,0x78,0xfd,0xff,0x01,0x81,0xff,0xff,0x00,0x74,0xfb,0x83,0x00,0x00,0x00,0x00,0x00,0x55,0xff,0x03,
    0x00,0x00,0x00,0x00,0x00,0x00,0x00,0x00,0x00,0x00,0x00,0x00,0x00,0x00,0x00,0x00,0x00,0x00,0x00,0x00,0x00,0x00,0x00,0x00,
    0x00,0x00,0x00,0x00,0x00,0x00,0x00,0x00,0x00,0x00,0x00,0x00,0x00,0x00,0x00,0x00,0x00,0x00,0x00,0x00,0x00,0x00,0x00,0x00,
    0x00,0x00,0x00,0x00,0x00,0x00,0x00,0x00,0x00,0x00,0x00,0x00,0x00,0x00,0x00,0x00,0x00,0x00,0x00,0x00,0x00,0x00,0x00,0x00,
    0x00,0x00,0x00,0x00,0x00,0x00,0x00,0x00,0x00,0x00,0x00,0x00,0x00,0x00,0x00,0x00,0x00,0x00,0x00,0x00,0x00,0x00,0x00,0x00,
    0x00,0x00,0x00,0x00,0x00,0x00,0x00,0x00,0x00,0x00,0x00,0x00,0x00,0x00,0x00,0x00,0x00,0x00,0x00,0x00,0x00,0x00,0x00,0x00,
    0x00,0x00,0x00,0x00,0x00,0x00,0x00,0x00,0x00,0x00,0x00,0x00,0x00,0x00,0x00,0x00,0x00,0x00,0x00,0x00,0x00,0x00,0x00,0x00,
    0x00,0x00,0x00,0x00,0x00,0x00,0x00,0x00,0x00,0x00,0x00,0x00,0x00,0x00,0x00,0x00,0x00,0x00,0x00,0x00,0x00,0x00,0x00,0x00,
    0x00,0x00,0x00,0x00,0x00,0x00,0x00,0x00,0x00,0x00,0x00,0x00,0x00,0x00,0x00,0x00,0x00,0x00,0x00,0x00,0x00,0x00,0x00,0x00,
    0x00,0x00,0x00,0x00,0x00,0x00,0x00,0x00,0x00,0x00,0x00,0x00,0x00,0x00,0x00,0x00,0x7f,0x00,0x3f,0x04,0x00,0x00,0x00,0x00,
    0x89,0x10,0x62,0x5b,0x8e,0x10,0x6a,0xfe,0x86,0x0e,0x64,0xfa,0x85,0x0e,0x65,0xfe,0x86,0x0e,0x65,0xfe,0x87,0x0f,0x65,0xfe,
    0x87,0x0f,0x65,0xfe,0x88,0x0f,0x66,0xfc,0x8e,0x0f,0x68,0xff,0x89,0x0f,0x62,0x41,0x00,0x00,0x00,0x00,0xaa,0x00,0x55,0x03,
    0x00,0x00,0x00,0x00,0x00,0x00,0x00,0x00,0x00,0x00,0x00,0x00,0x00,0x00,0x00,0x00,0x00,0x00,0x00,0x00,0x00,0x00,0x00,0x00,
    0x00,0x00,0x00,0x00,0x00,0x00,0x00,0x00,0x00,0x00,0x00,0x00,0x00,0x00,0x00,0x00,0x00,0x00,0x00,0x00,0x00,0x00,0x00,0x00,
    0x00,0x00,0x00,0x00,0x00,0x00,0x00,0x00,0x00,0x00,0x00,0x00,0x00,0x00,0x00,0x00,0x00,0x00,0x00,0x00,0x00,0x00,0x00,0x00,
    0x00,0x00,0x00,0x00,0x00,0x00,0x00,0x00,0x00,0x00,0x00,0x00,0x00,0x00,0x00,0x00,0x00,0x00,0x00,0x00,0x00,0x00,0x00,0x00,
    0x00,0x00,0x00,0x00,0x00,0x00,0x00,0x00,0x00,0x00,0x00,0x00,0x00,0x00,0x00,0x00,0x00,0x00,0x00,0x00,0x00,0x00,0x00,0x00,
    0x00,0x00,0x00,0x00,0x00,0x00,0x00,0x00,0x00,0x00,0x00,0x00,0x00,0x00,0x00,0x00,0x00,0x00,0x00,0x00,0x00,0x00,0x00,0x00,
    0x00,0x00,0x00,0x00,0x00,0x00,0x00,0x00,0x00,0x00,0x00,0x00,0x00,0x00,0x00,0x00,0x00,0x00,0x00,0x00,0x00,0x00,0x00,0x00,
    0x00,0x00,0x00,0x00,0x00,0x55,0xff,0x03,0x00,0x00,0x00,0x00,0x00,0x79,0xff,0x3b,0x01,0x7b,0xff,0xff,0x02,0x77,0xfc,0xfb,
    0x00,0x72,0xfb,0xfc,0x37,0x95,0xfb,0xfe,0x5e,0xa4,0xfc,0xfd,0xa0,0xcc,0xfb,0xfd,0x8c,0xc0,0xfa,0xfd,0x98,0xc6,0xfb,0xfd,
    0x02,0x78,0xfa,0xfd,0x01,0x77,0xfb,0xfd,0x01,0x79,0xfc,0xfa,0x01,0x7e,0xff,0xff,0x00,0x73,0xfb,0x4d,0x00,0x00,0x00,0x00,
    0x00,0x55,0xff,0x03,0x00,0x00,0x00,0x00,0x00,0x00,0x00,0x00,0x00,0x00,0x00,0x00,0x00,0x00,0x00,0x00,0x00,0x00,0x00,0x00,
    0x00,0x00,0x00,0x00,0x00,0x00,0x00,0x00,0x00,0x00,0x00,0x00,0x00,0x00,0x00,0x00,0x00,0x00,0x00,0x00,0x00,0x00,0x00,0x00,
    0x00,0x00,0x00,0x00,0x00,0x00,0x00,0x00,0x00,0x00,0x00,0x00,0x00,0x00,0x00,0x00,0x00,0x00,0x00,0x00,0x00,0x00,0x00,0x00,
    0x00,0x00,0x00,0x00,0x00,0x00,0x00,0x00,0x00,0x00,0x00,0x00,0x00,0x00,0x00,0x00,0x00,0x00,0x00,0x00,0x00,0x00,0x00,0x00,
    0x00,0x00,0x00,0x00,0x00,0x00,0x00,0x00,0x00,0x00,0x00,0x00,0x00,0x00,0x00,0x00,0x00,0x00,0x00,0x00,0x00,0x00,0x00,0x00,
    0x00,0x00,0x00,0x00,0x00,0x00,0x00,0x00,0x00,0x00,0x00,0x00,0x00,0x00,0x00,0x00,0x00,0x00,0x00,0x00,0x00,0x00,0x00,0x00,
    0x00,0x00,0x00,0x00,0x00,0x00,0x00,0x00,0x00,0x00,0x00,0x00,0x00,0x00,0x00,0x00,0x00,0x00,0x00,0x00,0x00,0x00,0x00,0x00,
    0x00,0x00,0x00,0x00,0x00,0x00,0x00,0x00,0x00,0x00,0x00,0x00,0x00,0x00,0x00,0x00,0x00,0x00,0x00,0x00,0x00,0x00,0x00,0x00,
    0x00,0x00,0x00,0x00,0x00,0x00,0x00,0x00,0x00,0x00,0x00,0x00,0x00,0x00,0x00,0x00,0x7f,0x00,0x3f,0x04,0x00,0x00,0x00,0x00,
    0x89,0x0e,0x63,0x57,0x90,0x10,0x6a,0xff,0x85,0x0e,0x64,0xfb,0x86,0x0e,0x64,0xfe,0x86,0x0e,0x64,0xfe,0x87,0x0f,0x65,0xfe,
    0x87,0x0f,0x65,0xfe,0x87,0x0e,0x66,0xfc,0x8d,0x0f,0x68,0xff,0x88,0x0d,0x64,0x38,0x00,0x00,0x00,0x00,0xaa,0x00,0x55,0x03,
    0x00,0x00,0x00,0x00,0x00,0x00,0x00,0x00,0x00,0x00,0x00,0x00,0x00,0x00,0x00,0x00,0x00,0x00,0x00,0x00,0x00,0x00,0x00,0x00,
    0x00,0x00,0x00,0x00,0x00,0x00,0x00,0x00,0x00,0x00,0x00,0x00,0x00,0x00,0x00,0x00,0x00,0x00,0x00,0x00,0x00,0x00,0x00,0x00,
    0x00,0x00,0x00,0x00,0x00,0x00,0x00,0x00,0x00,0x00,0x00,0x00,0x00,0x00,0x00,0x00,0x00,0x00,0x00,0x00,0x00,0x00,0x00,0x00,
    0x00,0x00,0x00,0x00,0x00,0x00,0x00,0x00,0x00,0x00,0x00,0x00,0x00,0x00,0x00,0x00,0x00,0x00,0x00,0x00,0x00,0x00,0x00,0x00,
    0x00,0x00,0x00,0x00,0x00,0x00,0x00,0x00,0x00,0x00,0x00,0x00,0x00,0x00,0x00,0x00,0x00,0x00,0x00,0x00,0x00,0x00,0x00,0x00,
    0x00,0x00,0x00,0x00,0x00,0x00,0x00,0x00,0x00,0x00,0x00,0x00,0x00,0x00,0x00,0x00,0x00,0x00,0x00,0x00,0x00,0x00,0x00,0x00,
    0x00,0x00,0x00,0x00,0x00,0x00,0x00,0x00,0x00,0x00,0x00,0x00,0x00,0x00,0x00,0x01,0x00,0x00,0x00,0x00,0x00,0x00,0x00,0x00,
    0x00,0x00,0x00,0x00,0x00,0x7f,0xff,0x02,0x00,0x00,0x00,0x00,0x01,0x76,0xfc,0xc1,0x00,0x7d,0xff,0xff,0x03,0x78,0xfb,0xfb,
    0x02,0x74,0xfc,0xfe,0x32,0x8d,0xfb,0xfe,0xd0,0xe6,0xfb,0xfe,0xff,0xff,0xfc,0xfe,0xe0,0xed,0xfb,0xfe,0xed,0xf5,0xfc,0xfd,
    0x41,0x9b,0xfb,0xfd,0x00,0x74,0xfc,0xfe,0x02,0x78,0xfc,0xfb,0x00,0x7b,0xff,0xfe,0x01,0x75,0xfb,0xd5,0x00,0x66,0xff,0x05,
    0x00,0xff,0xff,0x01,0x00,0x00,0x00,0x00,0x00,0x00,0x00,0x00,0x00,0x00,0x00,0x00,0x00,0x00,0x00,0x00,0x00,0x00,0x00,0x00,
    0x00,0x00,0x00,0x00,0x00,0x00,0x00,0x00,0x00,0x00,0x00,0x00,0x00,0x00,0x00,0x00,0x00,0x00,0x00,0x00,0x00,0x00,0x00,0x00,
    0x00,0x00,0x00,0x00,0x00,0x00,0x00,0x00,0x00,0x00,0x00,0x00,0x00,0x00,0x00,0x00,0x00,0x00,0x00,0x00,0x00,0x00,0x00,0x00,
    0x00,0x00,0x00,0x00,0x00,0x00,0x00,0x00,0x00,0x00,0x00,0x00,0x00,0x00,0x00,0x00,0x00,0x00,0x00,0x00,0x00,0x00,0x00,0x00,
    0x00,0x00,0x00,0x00,0x00,0x00,0x00,0x00,0x00,0x00,0x00,0x00,0x00,0x00,0x00,0x00,0x00,0x00,0x00,0x00,0x00,0x00,0x00,0x00,
    0x00,0x00,0x00,0x00,0x00,0x00,0x00,0x00,0x00,0x00,0x00,0x00,0x00,0x00,0x00,0x00,0x00,0x00,0x00,0x00,0x00,0x00,0x00,0x00,
    0x00,0x00,0x00,0x00,0x00,0x00,0x00,0x00,0x00,0x00,0x00,0x00,0x00,0x00,0x00,0x00,0x00,0x00,0x00,0x00,0x00,0x00,0x00,0x00,
    0x00,0x00,0x00,0x00,0x00,0x00,0x00,0x00,0x00,0x00,0x00,0x00,0x00,0x00,0x00,0x00,0x00,0x00,0x00,0x00,0x00,0x00,0x00,0x00,
    0x00,0x00,0x00,0x00,0x00,0x00,0x00,0x00,0x00,0x00,0x00,0x00,0x00,0x00,0x00,0x00,0xff,0x00,0x00,0x01,0x00,0x00,0x00,0x01,
    0x8a,0x0a,0x5f,0x18,0x87,0x0f,0x64,0xed,0x88,0x0f,0x66,0xff,0x87,0x0e,0x64,0xfd,0x87,0x0f,0x65,0xfd,0x88,0x0f,0x65,0xfd,
    0x87,0x0e,0x65,0xf9,0x8d,0x10,0x6a,0xff,0x89,0x10,0x65,0xdf,0x8d,0x1c,0x71,0x09,0xff,0x00,0x00,0x01,0x00,0x00,0x00,0x01,
    0x00,0x00,0x00,0x00,0x00,0x00,0x00,0x00,0x00,0x00,0x00,0x00,0x00,0x00,0x00,0x00,0x00,0x00,0x00,0x00,0x00,0x00,0x00,0x00,
    0x00,0x00,0x00,0x00,0x00,0x00,0x00,0x00,0x00,0x00,0x00,0x00,0x00,0x00,0x00,0x00,0x00,0x00,0x00,0x00,0x00,0x00,0x00,0x00,
    0x00,0x00,0x00,0x00,0x00,0x00,0x00,0x00,0x00,0x00,0x00,0x00,0x00,0x00,0x00,0x00,0x00,0x00,0x00,0x00,0x00,0x00,0x00,0x00,
    0x00,0x00,0x00,0x00,0x00,0x00,0x00,0x00,0x00,0x00,0x00,0x00,0x00,0x00,0x00,0x00,0x00,0x00,0x00,0x00,0x00,0x00,0x00,0x00,
    0x00,0x00,0x00,0x00,0x00,0x00,0x00,0x00,0x00,0x00,0x00,0x00,0x00,0x00,0x00,0x00,0x00,0x00,0x00,0x00,0x00,0x00,0x00,0x00,
    0x00,0x00,0x00,0x00,0x00,0x00,0x00,0x00,0x00,0x00,0x00,0x00,0x00,0x00,0x00,0x00,0x00,0x00,0x00,0x00,0x00,0x00,0x00,0x00,
    0x00,0x00,0x00,0x00,0x00,0x00,0x00,0x00,0x00,0x00,0x00,0x00,0x00,0x00,0x00,0x00,0x00,0x00,0x00,0x00,0x00,0x00,0x00,0x00,
    0x00,0x7f,0xff,0x02,0x00,0x00,0x00,0x00,0x00,0x76,0xf8,0x29,0x00,0x77,0xfc,0xfd,0x00,0x77,0xfd,0xfd,0x00,0x77,0xfb,0xfe,
    0x04,0x7a,0xfc,0xfe,0x00,0x69,0xfb,0xfe,0x9c,0xc8,0xfb,0xfe,0xdb,0xea,0xfa,0xfe,0x20,0x7f,0xf9,0xfe,0x90,0xc4,0xfc,0xfe,
    0xff,0xff,0xfc,0xfe,0x39,0x94,0xfa,0xfe,0x00,0x71,0xfb,0xfe,0x03,0x79,0xfc,0xfc,0x01,0x7a,0xff,0xff,0x00,0x76,0xff,0x3a,
    0x00,0x00,0x00,0x00,0x00,0x55,0xff,0x03,0x00,0x00,0x00,0x00,0x00,0x00,0x00,0x00,0x00,0x00,0x00,0x00,0x00,0x00,0x00,0x00,
    0x00,0x00,0x00,0x00,0x00,0x00,0x00,0x00,0x00,0x00,0x00,0x00,0x00,0x00,0x00,0x00,0x00,0x00,0x00,0x00,0x00,0x00,0x00,0x00,
    0x00,0x00,0x00,0x00,0x00,0x00,0x00,0x00,0x00,0x00,0x00,0x00,0x00,0x00,0x00,0x00,0x00,0x00,0x00,0x00,0x00,0x00,0x00,0x00,
    0x00,0x00,0x00,0x00,0x00,0x00,0x00,0x00,0x00,0x00,0x00,0x00,0x00,0x00,0x00,0x00,0x00,0x00,0x00,0x00,0x00,0x00,0x00,0x00,
    0x00,0x00,0x00,0x00,0x00,0x00,0x00,0x00,0x00,0x00,0x00,0x00,0x00,0x00,0x00,0x00,0x00,0x00,0x00,0x00,0x00,0x00,0x00,0x00,
    0x00,0x00,0x00,0x00,0x00,0x00,0x00,0x00,0x00,0x00,0x00,0x00,0x00,0x00,0x00,0x00,0x00,0x00,0x00,0x00,0x00,0x00,0x00,0x00,
    0x00,0x00,0x00,0x00,0x00,0x00,0x00,0x00,0x00,0x00,0x00,0x00,0x00,0x00,0x00,0x00,0x00,0x00,0x00,0x00,0x00,0x00,0x00,0x00,
    0x00,0x00,0x00,0x00,0x00,0x00,0x00,0x00,0x00,0x00,0x00,0x00,0x00,0x00,0x00,0x00,0x00,0x00,0x00,0x00,0x00,0x00,0x00,0x00,
    0x00,0x00,0x00,0x00,0x00,0x00,0x00,0x00,0x00,0x00,0x00,0x00,0x00,0x00,0x00,0x00,0x7f,0x00,0x7f,0x02,0x00,0x00,0x00,0x00,
    0x84,0x12,0x67,0x1b,0x8b,0x0f,0x66,0xe7,0x88,0x0f,0x67,0xfe,0x87,0x0f,0x65,0xfb,0x88,0x10,0x67,0xff,0x89,0x10,0x67,0xff,
    0x8f,0x10,0x6c,0xff,0x8f,0x11,0x6a,0xfd,0x89,0x11,0x67,0x4a,0x00,0x00,0x00,0x00,0x55,0x00,0x55,0x03,0x00,0x00,0x00,0x00,
    0x00,0x00,0x00,0x00,0x00,0x00,0x00,0x00,0x00,0x00,0x00,0x00,0x00,0x00,0x00,0x00,0x00,0x00,0x00,0x00,0x00,0x00,0x00,0x00,
    0x00,0x00,0x00,0x00,0x00,0x00,0x00,0x00,0x00,0x00,0x00,0x00,0x00,0x00,0x00,0x00,0x00,0x00,0x00,0x00,0x00,0x00,0x00,0x00,
    0x00,0x00,0x00,0x00,0x00,0x00,0x00,0x00,0x00,0x00,0x00,0x00,0x00,0x00,0x00,0x00,0x00,0x00,0x00,0x00,0x00,0x00,0x00,0x00,
    0x00,0x00,0x00,0x00,0x00,0x00,0x00,0x00,0x00,0x00,0x00,0x00,0x00,0x00,0x00,0x00,0x00,0x00,0x00,0x00,0x00,0x00,0x00,0x00,
    0x00,0x00,0x00,0x00,0x00,0x00,0x00,0x00,0x00,0x00,0x00,0x00,0x00,0x00,0x00,0x00,0x00,0x00,0x00,0x00,0x00,0x00,0x00,0x00,
    0x00,0x00,0x00,0x00,0x00,0x00,0x00,0x00,0x00,0x00,0x00,0x00,0x00,0x00,0x00,0x00,0x00,0x00,0x00,0x00,0x00,0x00,0x00,0x00,
    0x00,0x00,0x00,0x00,0x00,0x00,0x00,0x00,0x00,0x00,0x00,0x00,0x00,0x00,0x00,0x00,0x00,0x00,0x00,0x00,0x00,0x00,0x00,0x00,
    0x00,0x7f,0xff,0x04,0x00,0x00,0x00,0x00,0x00,0x77,0xfc,0x5a,0x00,0x7e,0xff,0xff,0x00,0x77,0xfb,0xfb,0x01,0x78,0xfc,0xfe,
    0x01,0x78,0xfc,0xfe,0x06,0x78,0xfa,0xfe,0xe4,0xef,0xfb,0xfe,0xd4,0xe7,0xfb,0xfe,0x2b,0x85,0xfc,0xfd,0x6c,0xb1,0xfb,0xfe,
    0xff,0xff,0xfc,0xfe,0x45,0x9c,0xfa,0xfd,0x00,0x6f,0xfc,0xfd,0x03,0x79,0xfc,0xfa,0x00,0x7e,0xff,0xfe,0x00,0x74,0xfa,0x6d,
    0x00,0x00,0x00,0x00,0x00,0x7f,0xff,0x04,0x00,0x00,0x00,0x00,0x00,0x00,0x00,0x00,0x00,0x00,0x00,0x00,0x00,0x00,0x00,0x00,
    0x00,0x00,0x00,0x00,0x00,0x00,0x00,0x00,0x00,0x00,0x00,0x00,0x00,0x00,0x00,0x00,0x00,0x00,0x00,0x00,0x00,0x00,0x00,0x00,
    0x00,0x00,0x00,0x00,0x00,0x00,0x00,0x00,0x00,0x00,0x00,0x00,0x00,0x00,0x00,0x00,0x00,0x00,0x00,0x00,0x00,0x00,0x00,0x00,
    0x00,0x00,0x00,0x00,0x00,0x00,0x00,0x00,0x00,0x00,0x00,0x00,0x00,0x00,0x00,0x00,0x00,0x00,0x00,0x00,0x00,0x00,0x00,0x00,
    0x00,0x00,0x00,0x00,0x00,0x00,0x00,0x00,0x00,0x00,0x00,0x00,0x00,0x00,0x00,0x00,0x00,0x00,0x00,0x00,0x00,0x00,0x00,0x00,
    0x00,0x00,0x00,0x00,0x00,0x00,0x00,0x00,0x00,0x00,0x00,0x00,0x00,0x00,0x00,0x00,0x00,0x00,0x00,0x00,0x00,0x00,0x00,0x00,
    0x00,0x00,0x00,0x00,0x00,0x00,0x00,0x00,0x00,0x00,0x00,0x00,0x00,0x00,0x00,0x00,0x00,0x00,0x00,0x00,0x00,0x00,0x00,0x00,
    0x00,0x00,0x00,0x00,0x00,0x00,0x00,0x00,0x00,0x00,0x00,0x00,0x00,0x00,0x00,0x00,0x00,0x00,0x00,0x00,0x00,0x00,0x00,0x00,
    0x00,0x00,0x00,0x00,0x00,0x00,0x00,0x00,0x00,0x00,0x00,0x00,0xff,0x00,0x00,0x01,0xaa,0x00,0x55,0x03,0x7f,0x00,0x55,0x06,
    0x8a,0x10,0x65,0xc9,0x8e,0x10,0x6a,0xff,0x86,0x0e,0x64,0xfb,0x8b,0x10,0x69,0xff,0x89,0x10,0x66,0xfc,0x8b,0x0f,0x66,0xf1,
    0x8e,0x0f,0x68,0xc0,0x87,0x0f,0x63,0x40,0x00,0x00,0x00,0x00,0x7f,0x00,0x7f,0x02,0x00,0x00,0x00,0x00,0x00,0x00,0x00,0x00,
    0x00,0x00,0x00,0x00,0x00,0x00,0x00,0x00,0x00,0x00,0x00,0x00,0x00,0x00,0x00,0x00,0x00,0x00,0x00,0x00,0x00,0x00,0x00,0x00,
    0x00,0x00,0x00,0x00,0x00,0x00,0x00,0x00,0x00,0x00,0x00,0x00,0x00,0x00,0x00,0x00,0x00,0x00,0x00,0x00,0x00,0x00,0x00,0x00,
    0x00,0x00,0x00,0x00,0x00,0x00,0x00,0x00,0x00,0x00,0x00,0x00,0x00,0x00,0x00,0x00,0x00,0x00,0x00,0x00,0x00,0x00,0x00,0x00,
    0x00,0x00,0x00,0x00,0x00,0x00,0x00,0x00,0x00,0x00,0x00,0x00,0x00,0x00,0x00,0x00,0x00,0x00,0x00,0x00,0x00,0x00,0x00,0x00,
    0x00,0x00,0x00,0x00,0x00,0x00,0x00,0x00,0x00,0x00,0x00,0x00,0x00,0x00,0x00,0x00,0x00,0x00,0x00,0x00,0x00,0x00,0x00,0x00,
    0x00,0x00,0x00,0x00,0x00,0x00,0x00,0x00,0x00,0x00,0x00,0x00,0x00,0x00,0x00,0x00,0x00,0x00,0x00,0x00,0x00,0x00,0x00,0x00,
    0x00,0x00,0x00,0x00,0x00,0x00,0x00,0x00,0x00,0x00,0x00,0x00,0x00,0x00,0x00,0x00,0x00,0x00,0x00,0x00,0x00,0x00,0x00,0x00,
    0x00,0x7f,0xff,0x04,0x00,0x00,0x00,0x00,0x00,0x79,0xfc,0x6b,0x01,0x7f,0xfe,0xff,0x00,0x77,0xfc,0xfa,0x03,0x79,0xfc,0xfe,
    0x00,0x71,0xfc,0xfe,0x24,0x8a,0xfb,0xfe,0xfa,0xfb,0xfc,0xfe,0xc0,0xdb,0xfb,0xfe,0xc9,0xe2,0xfb,0xfe,0xff,0xff,0xfc,0xfe,
    0xaf,0xd4,0xfc,0xfe,0x00,0x73,0xfb,0xfe,0x02,0x78,0xfc,0xfe,0x01,0x77,0xfc,0xfa,0x01,0x7f,0xff,0xff,0x00,0x77,0xfa,0x7e,
    0x00,0x00,0x00,0x00,0x00,0x7f,0xff,0x04,0x00,0x00,0x00,0x00,0x00,0x00,0x00,0x00,0x00,0x00,0x00,0x00,0x00,0x00,0x00,0x00,
    0x00,0x00,0x00,0x00,0x00,0x00,0x00,0x00,0x00,0x00,0x00,0x00,0x00,0x00,0x00,0x00,0x00,0x00,0x00,0x00,0x00,0x00,0x00,0x00,
    0x00,0x00,0x00,0x00,0x00,0x00,0x00,0x00,0x00,0x00,0x00,0x00,0x00,0x00,0x00,0x00,0x00,0x00,0x00,0x00,0x00,0x00,0x00,0x00,
    0x00,0x00,0x00,0x00,0x00,0x00,0x00,0x00,0x00,0x00,0x00,0x00,0x00,0x00,0x00,0x00,0x00,0x00,0x00,0x00,0x00,0x00,0x00,0x00,
    0x00,0x00,0x00,0x00,0x00,0x00,0x00,0x00,0x00,0x00,0x00,0x00,0x00,0x00,0x00,0x00,0x00,0x00,0x00,0x00,0x00,0x00,0x00,0x00,
    0x00,0x00,0x00,0x00,0x00,0x00,0x00,0x00,0x00,0x00,0x00,0x00,0x00,0x00,0x00,0x00,0x00,0x00,0x00,0x00,0x00,0x00,0x00,0x00,
    0x00,0x00,0x00,0x00,0x00,0x00,0x00,0x00,0x00,0x00,0x00,0x00,0x00,0x00,0x00,0x00,0x00,0x00,0x00,0x00,0x00,0x00,0x00,0x00,
    0x00,0x00,0x00,0x00,0x00,0x00,0x00,0x00,0x00,0x00,0x00,0x00,0x00,0x00,0x00,0x00,0x00,0x00,0x00,0x00,0x00,0x00,0x00,0x00,
    0x00,0x00,0x00,0x00,0x00,0x00,0x00,0x00,0x00,0x00,0x00,0x00,0x7f,0x00,0x7f,0x04,0x00,0x00,0x00,0x00,0x88,0x0e,0x63,0x9d,
    0x91,0x10,0x6b,0xff,0x85,0x0e,0x64,0xf8,0x8d,0x0f,0x6a,0xff,0x89,0x0e,0x64,0xd2,0x8e,0x11,0x64,0x2b,0x8d,0x12,0x67,0x1b,
    0x00,0x00,0x00,0x00,0x00,0x00,0x00,0x00,0x7f,0x00,0x7f,0x02,0x00,0x00,0x00,0x00,0x00,0x00,0x00,0x00,0x00,0x00,0x00,0x00,
    0x00,0x00,0x00,0x00,0x00,0x00,0x00,0x00,0x00,0x00,0x00,0x00,0x00,0x00,0x00,0x00,0x00,0x00,0x00,0x00,0x00,0x00,0x00,0x00,
    0x00,0x00,0x00,0x00,0x00,0x00,0x00,0x00,0x00,0x00,0x00,0x00,0x00,0x00,0x00,0x00,0x00,0x00,0x00,0x00,0x00,0x00,0x00,0x00,
    0x00,0x00,0x00,0x00,0x00,0x00,0x00,0x00,0x00,0x00,0x00,0x00,0x00,0x00,0x00,0x00,0x00,0x00,0x00,0x00,0x00,0x00,0x00,0x00,
    0x00,0x00,0x00,0x00,0x00,0x00,0x00,0x00,0x00,0x00,0x00,0x00,0x00,0x00,0x00,0x00,0x00,0x00,0x00,0x00,0x00,0x00,0x00,0x00,
    0x00,0x00,0x00,0x00,0x00,0x7f,0xff,0x02,0x00,0x7f,0xff,0x02,0x00,0x7f,0xff,0x02,0x00,0x7f,0xff,0x02,0x00,0x7f,0xff,0x02,
    0x00,0x7f,0xff,0x02,0x00,0x7f,0xff,0x02,0x00,0x7f,0xff,0x02,0x00,0x7f,0xff,0x02,0x00,0x7f,0xff,0x02,0x00,0x7f,0xff,0x02,
    0x00,0x7f,0xff,0x02,0x00,0x7f,0xff,0x02,0x00,0x7f,0xff,0x02,0x00,0xff,0xff,0x01,0x00,0x00,0xff,0x01,0x00,0x00,0x00,0x00,
    0x00,0x7f,0xff,0x04,0x00,0x00,0x00,0x00,0x00,0x78,0xfc,0x5d,0x01,0x7d,0xff,0xff,0x01,0x78,0xfc,0xfa,0x04,0x79,0xfc,0xfe,
    0x0e,0x79,0xfc,0xfd,0x6f,0xb2,0xfa,0xfe,0xfa,0xfc,0xfb,0xfe,0x0f,0x7e,0xf9,0xfe,0x00,0x60,0xfa,0xfe,0x8f,0xc2,0xfb,0xfe,
    0xf4,0xf9,0xfc,0xfe,0x29,0x8b,0xfb,0xfd,0x00,0x72,0xfb,0xfe,0x02,0x79,0xfc,0xfa,0x01,0x7f,0xff,0xfe,0x00,0x78,0xfc,0x6e,
    0x00,0x00,0x00,0x00,0x00,0x7f,0xff,0x04,0x00,0x00,0x00,0x00,0x00,0x00,0x00,0x00,0x00,0x00,0x00,0x00,0x00,0x00,0x00,0x00,
    0x00,0x00,0x00,0x00,0x00,0x00,0x00,0x00,0x00,0x00,0x00,0x00,0x00,0x00,0x00,0x00,0x00,0x00,0x00,0x00,0x00,0x00,0x00,0x00,
    0x00,0x00,0x00,0x01,0xff,0x00,0xff,0x01,0xff,0x00,0xff,0x01,0xff,0x00,0xff,0x01,0xff,0x00,0xff,0x01,0xff,0x00,0xff,0x01,
    0xff,0x00,0xff,0x01,0xff,0x00,0xff,0x01,0xff,0x00,0xff,0x01,0xff,0x00,0xff,0x01,0xff,0x00,0xff,0x01,0xff,0x00,0xff,0x01,
    0x7f,0x00,0x7f,0x02,0xff,0x00,0xff,0x01,0x00,0x00,0x00,0x01,0x00,0x00,0x00,0x00,0x00,0x00,0x00,0x00,0x00,0x00,0x00,0x00,
    0x00,0x00,0x00,0x00,0x00,0x00,0x00,0x00,0x00,0x00,0x00,0x00,0x00,0x00,0x00,0x00,0x00,0x00,0x00,0x00,0x00,0x00,0x00,0x00,
    0x00,0x00,0x00,0x00,0x00,0x00,0x00,0x00,0x00,0x00,0x00,0x00,0x00,0x00,0x00,0x00,0x00,0x00,0x00,0x00,0xff,0x00,0xff,0x01,
    0xaa,0x00,0x55,0x03,0x7f,0x00,0x7f,0x04,0x7f,0x00,0x7f,0x02,0x00,0x00,0x00,0x01,0x00,0x00,0x00,0x01,0x7f,0x00,0x7f,0x02,
    0x7f,0x00,0x3f,0x04,0x7f,0x00,0x3f,0x04,0x99,0x00,0x66,0x05,0x00,0x00,0x00,0x00,0x87,0x0e,0x64,0x6b,0x91,0x10,0x6c,0xff,
    0x86,0x0e,0x65,0xf8,0x89,0x0f,0x67,0xfc,0x8c,0x0e,0x68,0xf0,0x85,0x0c,0x5f,0x28,0x00,0x00,0x00,0x00,0x00,0x00,0x00,0x00,
    0xff,0x00,0x00,0x01,0x55,0x00,0x55,0x03,0x00,0x00,0x00,0x00,0x00,0x00,0x00,0x00,0x00,0x00,0x00,0x00,0xff,0x00,0xff,0x01,
    0x55,0x00,0x55,0x03,0xaa,0x00,0x55,0x03,0xaa,0x00,0x55,0x03,0xaa,0x00,0x55,0x03,0xaa,0x00,0x55,0x03,0x55,0x00,0x55,0x03,
    0x7f,0x00,0x7f,0x02,0x00,0x00,0x00,0x01,0x00,0x00,0x00,0x00,0x00,0x00,0x00,0x00,0x00,0x00,0x00,0x00,0x00,0x00,0x00,0x00,
    0x00,0x00,0x00,0x00,0x00,0x00,0x00,0x00,0x00,0x00,0x00,0x00,0x00,0x00,0x00,0x00,0x00,0x00,0x00,0x00,0x00,0x00,0x00,0x00,
    0x00,0x00,0x00,0x00,0x00,0x00,0x00,0x00,0x00,0x00,0x00,0x00,0x00,0x00,0x00,0x00,0x00,0x00,0x00,0x00,0x00,0x00,0x00,0x00,
    0x00,0x00,0x00,0x00,0x00,0x00,0x00,0x00,0x00,0x00,0x00,0x00,0x00,0x00,0x00,0x00,0x00,0x00,0x00,0x00,0x00,0x00,0x00,0x00,
    0x00,0x00,0x00,0x00,0x00,0x00,0x00,0x00,0x00,0x00,0x00,0x00,0x00,0x00,0x00,0x00,0x00,0x00,0x00,0x00,0x00,0x00,0x00,0x00,
    0x00,0x00,0x00,0x00,0x00,0x00,0x00,0x00,0x00,0x00,0x00,0x00,0x00,0x00,0x00,0x00,0x00,0x00,0x00,0x00,0x00,0x55,0xff,0x03,
    0x00,0x99,0xff,0x05,0x00,0x00,0x00,0x00,0x00,0x79,0xff,0x2e,0x01,0x79,0xfd,0xfe,0x04,0x78,0xfc,0xfd,0x00,0x70,0xfb,0xfe,
    0x79,0xb7,0xfb,0xfd,0xf0,0xf7,0xfc,0xfe,0xf6,0xf9,0xfb,0xfe,0x7e,0xbb,0xfb,0xfd,0x59,0xa2,0xfc,0xfd,0xcb,0xe2,0xfb,0xfe,
    0xff,0xff,0xfc,0xfe,0x25,0x8c,0xfb,0xfd,0x00,0x73,0xfb,0xfe,0x02,0x79,0xfc,0xfc,0x01,0x7b,0xff,0xff,0x00,0x77,0xfa,0x3c,
    0x00,0x00,0xff,0x01,0x00,0x7f,0xff,0x04,0x00,0xff,0xff,0x01,0x00,0xff,0xff,0x01,0x00,0x00,0xff,0x01,0x00,0x00,0x00,0x00,
    0x00,0x00,0x00,0x00,0x00,0x00,0x00,0x00,0x00,0x00,0x00,0x00,0x00,0x00,0x00,0x00,0x00,0x00,0x00,0x00,0x00,0x00,0x00,0x00,
    0x00,0x00,0x00,0x00,0x00,0x00,0x00,0x00,0x00,0x00,0x00,0x00,0x00,0x00,0x00,0x00,0x00,0x00,0x00,0x00,0x00,0x00,0x00,0x00,
    0x00,0x00,0x00,0x00,0x00,0x00,0x00,0x00,0x00,0x00,0x00,0x00,0x00,0x00,0x00,0x00,0x00,0x00,0x00,0x00,0x00,0x00,0x00,0x00,
    0x00,0x00,0x00,0x00,0x00,0x00,0x00,0x00,0x00,0x00,0x00,0x00,0xaa,0x00,0x55,0x03,0xaa,0x00,0x55,0x03,0x00,0x00,0x00,0x01,
    0x00,0x00,0x00,0x00,0x00,0x00,0x00,0x00,0x00,0x00,0x00,0x00,0x00,0x00,0x00,0x00,0x00,0x00,0x00,0x00,0x00,0x00,0x00,0x00,
    0x00,0x00,0x00,0x00,0x00,0x00,0x00,0x00,0x00,0x00,0x00,0x00,0x7f,0x00,0x7f,0x02,0xaa,0x00,0x55,0x03,0x00,0x00,0x00,0x00,
    0x00,0x00,0x00,0x00,0x00,0x00,0x00,0x00,0x00,0x00,0x00,0x00,0x00,0x00,0x00,0x00,0x00,0x00,0x00,0x00,0x00,0x00,0x00,0x00,
    0x00,0x00,0x00,0x00,0x00,0x00,0x00,0x00,0x00,0x00,0x00,0x00,0x89,0x10,0x64,0x3d,0x8c,0x0f,0x68,0xfc,0x89,0x0f,0x67,0xfb,
    0x88,0x0e,0x66,0xf9,0x90,0x10,0x6b,0xff,0x88,0x0f,0x63,0x52,0x00,0x00,0x00,0x00,0x99,0x00,0x66,0x05,0xff,0x00,0x00,0x01,
    0x00,0x00,0x00,0x00,0x00,0x00,0x00,0x00,0xff,0x00,0x00,0x01,0x7f,0x00,0x7f,0x04,0xff,0x00,0x00,0x01,0x00,0x00,0x00,0x00,
    0x00,0x00,0x00,0x00,0x00,0x00,0x00,0x00,0x00,0x00,0x00,0x00,0x00,0x00,0x00,0x00,0x00,0x00,0x00,0x00,0x00,0x00,0x00,0x00,
    0x00,0x00,0x00,0x00,0x00,0x00,0x00,0x00,0x7f,0x00,0x3f,0x04,0xaa,0x00,0x55,0x03,0x00,0x00,0x00,0x01,0x00,0x00,0x00,0x00,
    0x00,0x00,0x00,0x00,0x00,0x00,0x00,0x00,0x00,0x00,0x00,0x00,0x00,0x00,0x00,0x00,0x00,0x00,0x00,0x00,0x00,0x00,0x00,0x00,
    0x00,0x00,0x00,0x00,0x00,0x00,0x00,0x00,0x00,0x00,0x00,0x00,0x00,0x00,0x00,0x00,0x00,0x00,0x00,0x00,0x00,0x00,0x00,0x00,
    0x00,0x7f,0xff,0x02,0x00,0x73,0xf6,0x1f,0x00,0x73,0xff,0x21,0x00,0x6f,0xf7,0x20,0x00,0x6f,0xf7,0x20,0x00,0x77,0xff,0x20,
    0x00,0x77,0xf7,0x20,0x00,0x73,0xff,0x21,0x00,0x73,0xff,0x21,0x00,0x73,0xf7,0x21,0x00,0x73,0xff,0x21,0x00,0x73,0xf7,0x21,
    0x00,0x77,0xf7,0x20,0x00,0x77,0xff,0x20,0x00,0x77,0xff,0x1e,0x00,0x79,0xf2,0x15,0x00,0xaa,0xff,0x03,0x00,0x00,0x00,0x00,
    0x00,0x00,0x00,0x00,0x00,0x7f,0xff,0x02,0x00,0xaa,0xff,0x03,0x01,0x77,0xfb,0xca,0x01,0x7b,0xff,0xfe,0x03,0x78,0xfb,0xfb,
    0x08,0x73,0xfb,0xfe,0x6f,0xb2,0xfb,0xfd,0xd0,0xe4,0xfb,0xfe,0xe0,0xed,0xfc,0xfe,0xe7,0xf2,0xfc,0xfe,0xd6,0xe8,0xfb,0xfe,
    0x67,0xae,0xfc,0xfd,0x00,0x74,0xfb,0xfe,0x02,0x79,0xfc,0xfb,0x01,0x7a,0xfd,0xfe,0x01,0x77,0xfb,0xd6,0x00,0x7f,0xff,0x04,
    0x00,0x00,0x00,0x00,0x00,0x00,0x00,0x00,0x00,0x00,0x00,0x00,0x00,0x00,0x00,0x00,0x00,0x00,0x00,0x00,0x00,0x00,0x00,0x00,
    0x00,0x00,0x00,0x00,0x00,0x00,0x00,0x00,0x00,0x00,0x00,0x00,0x00,0x00,0x00,0x00,0x00,0x00,0x00,0x00,0x00,0x00,0x00,0x00,
    0x7f,0x00,0x55,0x06,0x94,0x0a,0x6a,0x18,0x8a,0x0a,0x5f,0x18,0x84,0x0a,0x66,0x19,0x8e,0x14,0x66,0x19,0x8e,0x14,0x66,0x19,
    0x8e,0x14,0x66,0x19,0x8e,0x0a,0x66,0x19,0x84,0x0a,0x66,0x19,0x8e,0x14,0x66,0x19,0x89,0x13,0x62,0x1a,0x89,0x09,0x62,0x1a,
    0x89,0x09,0x62,0x1a,0x93,0x0d,0x6b,0x13,0x7f,0x00,0x7f,0x04,0x00,0x00,0x00,0x00,0x00,0x00,0x00,0x00,0x00,0x00,0x00,0x00,
    0x7f,0x00,0x7f,0x02,0x00,0x00,0x00,0x00,0x00,0x00,0x00,0x00,0x00,0x00,0x00,0x00,0x00,0x00,0x00,0x00,0x00,0x00,0x00,0x00,
    0x00,0x00,0x00,0x00,0x00,0x00,0x00,0x00,0xaa,0x00,0x55,0x03,0x00,0x00,0x00,0x00,0x00,0x00,0x00,0x00,0x96,0x17,0x68,0x16,
    0x8e,0x11,0x67,0x56,0x8a,0x0f,0x66,0x91,0x89,0x0f,0x65,0xb7,0x8a,0x0f,0x65,0xc9,0x8a,0x0f,0x64,0xcb,0x8c,0x0e,0x67,0xbd,
    0x8c,0x0e,0x66,0x9c,0x8b,0x0f,0x66,0x61,0x8a,0x11,0x63,0x3b,0x88,0x0f,0x66,0xe5,0x8b,0x0f,0x69,0xff,0x87,0x0e,0x65,0xf9,
    0x93,0x10,0x6e,0xff,0x89,0x0f,0x66,0x86,0x00,0x00,0x00,0x00,0x7f,0x00,0x7f,0x04,0x00,0x00,0x00,0x00,0x00,0x00,0x00,0x00,
    0x00,0x00,0x00,0x00,0x55,0x00,0x55,0x03,0x00,0x00,0x00,0x00,0x00,0x00,0x00,0x00,0x00,0x00,0x00,0x00,0x90,0x0b,0x6e,0x17,
    0x8e,0x0e,0x66,0x34,0x8b,0x11,0x65,0x49,0x8a,0x0f,0x64,0x51,0x87,0x0f,0x64,0x51,0x88,0x11,0x64,0x47,0x8c,0x0f,0x69,0x33,
    0x93,0x13,0x6b,0x1a,0x00,0x00,0x00,0x00,0x00,0x00,0x00,0x00,0x00,0x00,0x00,0x00,0x00,0x00,0x00,0x00,0xff,0x00,0xff,0x01,
    0x00,0x00,0x00,0x00,0x00,0x00,0x00,0x00,0x00,0x00,0x00,0x00,0x00,0x00,0x00,0x00,0x00,0x00,0x00,0x00,0x00,0x00,0x00,0x00,
    0x00,0x00,0x00,0x00,0x00,0x00,0x00,0x00,0x00,0x00,0x00,0x00,0x00,0x00,0x00,0x00,0x00,0x55,0xff,0x03,0x00,0x00,0x00,0x00,
    0x00,0x77,0xfb,0x40,0x00,0x78,0xff,0xf8,0x00,0x75,0xfb,0xf6,0x00,0x76,0xfb,0xf8,0x00,0x76,0xfb,0xf8,0x01,0x76,0xfb,0xf8,
    0x01,0x76,0xfb,0xf8,0x00,0x76,0xfc,0xf8,0x01,0x77,0xfc,0xf9,0x01,0x76,0xfc,0xf8,0x01,0x76,0xfb,0xf8,0x01,0x77,0xfb,0xf9,
    0x01,0x77,0xfc,0xf7,0x01,0x76,0xfb,0xf8,0x01,0x77,0xfc,0xf6,0x01,0x76,0xfc,0xee,0x00,0x77,0xfd,0xd7,0x00,0x79,0xff,0xa4,
    0x00,0x78,0xfb,0x4e,0x00,0x00,0x00,0x00,0x00,0x00,0x00,0x00,0x00,0x79,0xfb,0x45,0x01,0x7c,0xff,0xff,0x03,0x79,0xfc,0xfa,
    0x00,0x6f,0xfb,0xfc,0x45,0x9a,0xfb,0xfe,0x58,0xa5,0xf9,0xfe,0x97,0xc6,0xfa,0xfe,0x12,0x80,0xfb,0xfd,0x00,0x72,0xfb,0xfe,
    0x00,0x70,0xfb,0xfe,0x01,0x77,0xfb,0xfd,0x00,0x78,0xfc,0xf9,0x00,0x7e,0xff,0xff,0x00,0x77,0xff,0x4f,0x00,0x7f,0xff,0x04,
    0x00,0x79,0xff,0x15,0x00,0x78,0xff,0x11,0x00,0x78,0xff,0x11,0x00,0x7f,0xff,0x12,0x00,0x7f,0xff,0x0e,0x00,0x00,0x00,0x00,
    0x00,0x00,0x00,0x00,0x00,0x00,0x00,0x00,0x00,0x00,0x00,0x00,0x00,0x00,0x00,0x00,0x7f,0x00,0x7f,0x04,0x00,0x00,0x00,0x00,
    0x8a,0x11,0x65,0x85,0x90,0x0f,0x69,0xf4,0x88,0x0d,0x63,0xee,0x88,0x0e,0x65,0xf3,0x89,0x0f,0x66,0xf3,0x89,0x0f,0x66,0xf3,
    0x89,0x0e,0x66,0xf3,0x89,0x0e,0x66,0xf3,0x88,0x0e,0x65,0xf3,0x88,0x0e,0x65,0xf3,0x89,0x0f,0x66,0xf3,0x87,0x0e,0x66,0xf4,
    0x88,0x0e,0x66,0xf4,0x8a,0x0f,0x66,0xed,0x8a,0x0f,0x67,0xd9,0x8c,0x0e,0x68,0xab,0x8c,0x0e,0x67,0x5b,0x7f,0x00,0x55,0x06,
    0x00,0x00,0x00,0x00,0x7f,0x00,0x7f,0x02,0x00,0x00,0x00,0x00,0x00,0x00,0x00,0x00,0x00,0x00,0x00,0x00,0x00,0x00,0x00,0x00,
    0x00,0x00,0x00,0x01,0x7f,0x00,0x7f,0x02,0x00,0x00,0x00,0x00,0x86,0x0d,0x64,0x26,0x8e,0x10,0x68,0x98,0x8d,0x10,0x68,0xeb,
    0x91,0x10,0x6c,0xff,0x92,0x10,0x6c,0xff,0x8f,0x0f,0x6b,0xff,0x8e,0x10,0x6a,0xff,0x8d,0x0f,0x6a,0xff,0x8f,0x10,0x6b,0xff,
    0x92,0x10,0x6d,0xff,0x90,0x0f,0x6b,0xff,0x8a,0x10,0x68,0xff,0x89,0x0f,0x68,0xff,0x85,0x0e,0x65,0xfb,0x8e,0x0f,0x6a,0xff,
    0x8b,0x0f,0x65,0xb7,0x00,0x00,0x00,0x00,0x7f,0x00,0x3f,0x04,0x00,0x00,0x00,0x01,0x00,0x00,0x00,0x00,0x00,0x00,0x00,0x00,
    0x55,0x00,0x55,0x03,0x00,0x00,0x00,0x00,0x88,0x11,0x66,0x0f,0x8e,0x10,0x67,0x6f,0x8e,0x11,0x68,0xc3,0x8b,0x10,0x67,0xef,
    0x8b,0x0f,0x67,0xff,0x8f,0x10,0x6a,0xff,0x90,0x10,0x6a,0xff,0x8f,0x10,0x69,0xff,0x8e,0x10,0x6a,0xff,0x8b,0x10,0x68,0xff,
    0x8a,0x0f,0x67,0xf3,0x8c,0x0f,0x67,0xd2,0x8c,0x10,0x67,0x99,0x8b,0x11,0x65,0x49,0x00,0x00,0x00,0x01,0x00,0x00,0x00,0x00,
    0x00,0x00,0x00,0x00,0x00,0x00,0x00,0x00,0x00,0x00,0x00,0x00,0x00,0x00,0x00,0x00,0x00,0x00,0x00,0x00,0x00,0x00,0x00,0x00,
    0x00,0x00,0x00,0x00,0x00,0x00,0x00,0x00,0x00,0x00,0x00,0x00,0x00,0x00,0x00,0x00,0x00,0x55,0xff,0x03,0x00,0x00,0x00,0x00,
    0x00,0x73,0xfb,0x4d,0x00,0x7b,0xff,0xff,0x00,0x77,0xfc,0xfc,0x00,0x78,0xfd,0xff,0x01,0x78,0xfd,0xff,0x01,0x78,0xfd,0xff,
    0x01,0x78,0xfd,0xff,0x00,0x77,0xfc,0xfe,0x01,0x78,0xfc,0xfe,0x01,0x78,0xfc,0xfe,0x01,0x77,0xfb,0xfe,0x01,0x77,0xfc,0xfe,
    0x01,0x78,0xfc,0xff,0x01,0x77,0xfc,0xfe,0x00,0x78,0xfd,0xff,0x01,0x79,0xff,0xff,0x01,0x7a,0xff,0xff,0x00,0x7d,0xff,0xff,
    0x01,0x7d,0xff,0xff,0x01,0x78,0xfd,0xb6,0x00,0x79,0xff,0x15,0x00,0x00,0x00,0x00,0x02,0x76,0xfc,0x7f,0x00,0x80,0xff,0xff,
    0x01,0x7a,0xfd,0xff,0x00,0x73,0xfb,0xfa,0x00,0x74,0xfc,0xfb,0x0f,0x7e,0xfb,0xfc,0x00,0x76,0xfb,0xfc,0x01,0x78,0xfb,0xfc,
    0x03,0x78,0xfb,0xfa,0x00,0x77,0xfc,0xfe,0x01,0x82,0xff,0xff,0x00,0x75,0xfb,0x8d,0x00,0x00,0x00,0x00,0x01,0x77,0xfb,0xa0,
    0x00,0x7b,0xfd,0xee,0x01,0x75,0xfc,0xe8,0x00,0x75,0xfc,0xeb,0x01,0x76,0xfc,0xeb,0x01,0x79,0xfd,0xe9,0x00,0x79,0xf9,0x2c,
    0x00,0x00,0x00,0x00,0x00,0x7f,0xff,0x02,0x00,0x00,0x00,0x00,0x00,0x00,0x00,0x00,0x7f,0x00,0x3f,0x04,0x00,0x00,0x00,0x00,
    0x87,0x0e,0x64,0x9e,0x91,0x10,0x6c,0xff,0x87,0x0e,0x64,0xfd,0x89,0x0f,0x66,0xff,0x89,0x0e,0x66,0xff,0x89,0x0f,0x67,0xff,
    0x89,0x0f,0x67,0xff,0x89,0x0f,0x68,0xff,0x88,0x0e,0x67,0xff,0x88,0x0e,0x67,0xff,0x88,0x0f,0x67,0xff,0x88,0x0f,0x67,0xff,
    0x88,0x0f,0x67,0xff,0x89,0x0f,0x67,0xff,0x8b,0x0f,0x69,0xff,0x90,0x10,0x6c,0xff,0x91,0x0f,0x6d,0xff,0x8e,0x10,0x69,0xcf,
    0x86,0x0e,0x65,0x35,0x00,0x00,0x00,0x00,0x7f,0x00,0x7f,0x02,0x00,0x00,0x00,0x00,0x00,0x00,0x00,0x00,0xff,0x00,0x00,0x01,
    0x00,0x00,0x00,0x00,0x00,0x00,0x00,0x00,0x8b,0x0f,0x64,0x75,0x8c,0x0f,0x67,0xf3,0x92,0x11,0x6d,0xff,0x8a,0x0f,0x67,0xff,
    0x88,0x0f,0x65,0xfb,0x87,0x0f,0x66,0xfa,0x87,0x0e,0x66,0xfa,0x87,0x0e,0x66,0xfa,0x87,0x0f,0x66,0xfa,0x87,0x0e,0x65,0xfb,
    0x87,0x0e,0x66,0xfa,0x87,0x0e,0x66,0xfb,0x87,0x0e,0x65,0xfd,0x86,0x0e,0x65,0xfc,0x88,0x0f,0x66,0xfe,0x8b,0x0f,0x69,0xf0,
    0x8d,0x0e,0x63,0x12,0x00,0x00,0x00,0x00,0x55,0x00,0x55,0x03,0x00,0x00,0x00,0x00,0x00,0x00,0x00,0x00,0x55,0x00,0x55,0x03,
    0x00,0x00,0x00,0x00,0x8b,0x11,0x66,0x4b,0x8d,0x10,0x68,0xde,0x92,0x10,0x6d,0xff,0x8f,0x10,0x6b,0xff,0x89,0x0f,0x66,0xff,
    0x87,0x0f,0x65,0xfd,0x87,0x0f,0x65,0xfb,0x87,0x0f,0x65,0xfb,0x87,0x0e,0x64,0xfb,0x87,0x0f,0x65,0xfb,0x88,0x10,0x66,0xfd,
    0x89,0x0f,0x67,0xff,0x8e,0x10,0x6a,0xff,0x91,0x10,0x6c,0xff,0x8e,0x0f,0x6a,0xff,0x8e,0x10,0x69,0xcc,0x8d,0x10,0x67,0x2f,
    0xff,0x00,0x00,0x01,0x7f,0x00,0x7f,0x02,0x00,0x00,0x00,0x00,0x00,0x00,0x00,0x00,0x00,0x00,0x00,0x00,0x00,0x00,0x00,0x00,
    0x00,0x00,0x00,0x00,0x00,0x00,0x00,0x00,0x00,0x00,0x00,0x00,0x00,0x00,0x00,0x00,0x00,0xaa,0xff,0x03,0x00,0x00,0x00,0x00,
    0x00,0x75,0xfb,0x4a,0x00,0x7b,0xff,0xfe,0x00,0x77,0xfc,0xfa,0x01,0x76,0xfb,0xfd,0x01,0x77,0xfc,0xfd,0x01,0x77,0xfc,0xfd,
    0x01,0x78,0xfd,0xff,0x01,0x7a,0xff,0xff,0x00,0x79,0xff,0xff,0x00,0x79,0xff,0xff,0x01,0x7a,0xff,0xff,0x00,0x7a,0xff,0xff,
    0x00,0x7a,0xff,0xff,0x01,0x79,0xff,0xff,0x01,0x78,0xfb,0xfc,0x00,0x77,0xfb,0xfc,0x00,0x78,0xfc,0xfc,0x01,0x77,0xfb,0xfb,
    0x00,0x77,0xfb,0xfa,0x01,0x80,0xff,0xff,0x00,0x76,0xfc,0xc4,0x00,0x7f,0xff,0x08,0x00,0x00,0x00,0x00,0x00,0x77,0xfa,0x6d,
    0x01,0x7c,0xfd,0xf0,0x02,0x82,0xff,0xff,0x01,0x7d,0xff,0xff,0x00,0x78,0xff,0xff,0x01,0x7a,0xff,0xff,0x01,0x7d,0xff,0xff,
    0x00,0x80,0xff,0xff,0x01,0x7a,0xfd,0xf4,0x00,0x78,0xfc,0x77,0x00,0x00,0x00,0x00,0x00,0x00,0xff,0x01,0x01,0x78,0xfc,0xbd,
    0x00,0x7e,0xff,0xff,0x01,0x76,0xfc,0xff,0x01,0x78,0xff,0xff,0x00,0x78,0xfe,0xff,0x01,0x7d,0xff,0xff,0x00,0x7b,0xfa,0x3a,
    0x00,0x00,0x00,0x00,0x00,0x55,0xff,0x03,0x00,0x00,0x00,0x00,0x00,0x00,0x00,0x00,0x7f,0x00,0x3f,0x04,0x00,0x00,0x00,0x00,
    0x86,0x0e,0x64,0x9b,0x8f,0x0f,0x6b,0xfe,0x87,0x0e,0x65,0xf9,0x87,0x0e,0x64,0xfd,0x87,0x0e,0x64,0xfd,0x88,0x0e,0x65,0xfd,
    0x87,0x0e,0x66,0xfa,0x88,0x0f,0x66,0xfa,0x87,0x0e,0x64,0xfa,0x86,0x0e,0x66,0xfa,0x85,0x0e,0x66,0xfa,0x86,0x0e,0x66,0xfa,
    0x87,0x0e,0x65,0xf9,0x87,0x0e,0x65,0xfb,0x87,0x0e,0x65,0xfc,0x87,0x0e,0x65,0xfb,0x86,0x0e,0x66,0xfa,0x8e,0x0f,0x6b,0xff,
    0x8d,0x0f,0x69,0xf2,0x8c,0x0f,0x68,0x31,0x00,0x00,0x00,0x00,0x7f,0x00,0x7f,0x02,0xff,0x00,0x00,0x01,0xff,0x00,0xff,0x01,
    0xaa,0x2a,0x55,0x06,0x8b,0x10,0x67,0xa8,0x93,0x10,0x6d,0xff,0x88,0x0e,0x66,0xff,0x87,0x0f,0x66,0xfa,0x88,0x0f,0x65,0xfd,
    0x88,0x0e,0x65,0xfb,0x88,0x0f,0x65,0xfb,0x88,0x0f,0x67,0xff,0x8a,0x0f,0x68,0xff,0x8a,0x0f,0x67,0xff,0x87,0x0e,0x64,0xfe,
    0x88,0x0e,0x66,0xfa,0x88,0x0e,0x66,0xfc,0x87,0x0e,0x65,0xfe,0x87,0x0f,0x65,0xfe,0x87,0x0e,0x66,0xfc,0x8c,0x0f,0x69,0xfc,
    0x8c,0x0f,0x66,0xa1,0x7f,0x00,0x7f,0x02,0x55,0x00,0x55,0x03,0x00,0x00,0x00,0x01,0x55,0x00,0x55,0x03,0x00,0x00,0x00,0x00,
    0x8a,0x0f,0x65,0x53,0x8f,0x11,0x6b,0xff,0x8c,0x10,0x69,0xff,0x86,0x0f,0x64,0xfa,0x87,0x0f,0x66,0xfc,0x87,0x0f,0x65,0xfc,
    0x86,0x0f,0x64,0xfa,0x86,0x0e,0x65,0xfc,0x86,0x0f,0x65,0xfe,0x87,0x0f,0x65,0xfe,0x87,0x0f,0x66,0xfc,0x87,0x0f,0x66,0xfa,
    0x87,0x0e,0x65,0xf9,0x87,0x0f,0x64,0xfa,0x87,0x0f,0x66,0xfa,0x87,0x0e,0x66,0xfa,0x92,0x10,0x6c,0xff,0x8c,0x11,0x69,0x3a,
    0x00,0x00,0x00,0x00,0x55,0x00,0x55,0x03,0x00,0x00,0x00,0x00,0x00,0x00,0x00,0x00,0x00,0x00,0x00,0x00,0x00,0x00,0x00,0x00,
    0x00,0x00,0x00,0x00,0x00,0x00,0x00,0x00,0x00,0x00,0x00,0x00,0x00,0x00,0x00,0x00,0x00,0xaa,0xff,0x03,0x00,0x00,0x00,0x00,
    0x00,0x73,0xfb,0x4b,0x01,0x7c,0xff,0xff,0x01,0x77,0xfc,0xfb,0x01,0x77,0xfb,0xfe,0x01,0x77,0xfb,0xfe,0x01,0x78,0xfc,0xfe,
    0x01,0x77,0xfc,0xf3,0x01,0x77,0xfc,0xe8,0x00,0x76,0xfc,0xe9,0x01,0x76,0xfc,0xe8,0x01,0x77,0xfb,0xe9,0x01,0x77,0xfc,0xe9,
    0x01,0x77,0xfc,0xe8,0x01,0x78,0xfc,0xee,0x01,0x7a,0xff,0xff,0x01,0x7a,0xff,0xff,0x01,0x77,0xfb,0xfe,0x00,0x78,0xfc,0xfe,
    0x00,0x78,0xfb,0xfe,0x01,0x77,0xfc,0xf8,0x01,0x7e,0xff,0xff,0x00,0x78,0xfc,0x59,0x00,0xff,0xff,0x01,0x00,0x00,0x00,0x00,
    0x00,0x77,0xff,0x20,0x01,0x7b,0xff,0x82,0x01,0x7a,0xfd,0xc4,0x01,0x79,0xfc,0xdf,0x01,0x78,0xfc,0xdf,0x00,0x7a,0xfd,0xc6,
    0x00,0x7a,0xff,0x87,0x00,0x78,0xff,0x24,0x00,0x00,0x00,0x00,0x00,0x7f,0xff,0x08,0x00,0x7f,0xff,0x04,0x00,0x76,0xfc,0xb9,
    0x00,0x7d,0xff,0xfe,0x00,0x78,0xfc,0xfa,0x01,0x77,0xfb,0xfd,0x00,0x78,0xfc,0xfc,0x01,0x7a,0xff,0xfe,0x00,0x7a,0xff,0x38,
    0x00,0x7f,0xff,0x04,0x00,0x6d,0xda,0x07,0x00,0x7f,0xff,0x04,0x00,0x55,0xff,0x03,0x7f,0x00,0x3f,0x04,0x00,0x00,0x00,0x00,
    0x86,0x0e,0x64,0x9b,0x8f,0x0f,0x6b,0xff,0x86,0x0e,0x64,0xfa,0x86,0x0e,0x65,0xfe,0x86,0x0e,0x65,0xfe,0x87,0x0e,0x65,0xfe,
    0x8d,0x0f,0x69,0xff,0x8f,0x0f,0x6b,0xff,0x8f,0x0f,0x6b,0xff,0x90,0x10,0x6b,0xff,0x8f,0x0f,0x6b,0xff,0x8f,0x0f,0x6b,0xff,
    0x90,0x0f,0x6b,0xff,0x8c,0x0f,0x68,0xff,0x86,0x0e,0x64,0xfd,0x87,0x0e,0x65,0xfe,0x86,0x0e,0x65,0xfe,0x87,0x0e,0x65,0xf9,
    0x8f,0x0f,0x6c,0xff,0x89,0x0e,0x64,0xd2,0x7f,0x00,0x55,0x06,0x7f,0x00,0x7f,0x02,0xaa,0x00,0x55,0x03,0x7f,0x00,0x7f,0x02,
    0x8b,0x11,0x66,0xb0,0x94,0x11,0x6f,0xff,0x88,0x0f,0x66,0xf9,0x88,0x0f,0x66,0xfd,0x89,0x0f,0x66,0xfd,0x87,0x0f,0x66,0xfc,
    0x8e,0x10,0x6a,0xff,0x8f,0x0f,0x6b,0xff,0x88,0x0e,0x66,0xf9,0x88,0x0e,0x66,0xe6,0x88,0x0e,0x66,0xe8,0x88,0x0e,0x66,0xfe,
    0x91,0x10,0x6d,0xff,0x8b,0x0e,0x68,0xff,0x87,0x0e,0x65,0xfb,0x88,0x0f,0x66,0xfe,0x88,0x0f,0x66,0xfe,0x87,0x0e,0x66,0xfc,
    0x95,0x10,0x6e,0xff,0x8a,0x0f,0x65,0x97,0x00,0x00,0x00,0x00,0x7f,0x00,0x7f,0x04,0x00,0x00,0x00,0x01,0x84,0x12,0x67,0x1b,
    0x8b,0x0f,0x67,0xf0,0x8a,0x10,0x68,0xfe,0x87,0x0f,0x65,0xfb,0x87,0x0f,0x66,0xfe,0x86,0x0f,0x65,0xfe,0x89,0x0f,0x67,0xff,
    0x90,0x10,0x6c,0xff,0x8d,0x10,0x69,0xff,0x88,0x0f,0x64,0xff,0x89,0x10,0x66,0xff,0x8d,0x10,0x68,0xff,0x90,0x10,0x6b,0xff,
    0x90,0x10,0x6c,0xff,0x8a,0x0f,0x67,0xff,0x87,0x0f,0x66,0xf7,0x90,0x10,0x6b,0xfe,0x89,0x10,0x65,0xae,0x00,0x00,0x00,0x00,
    0x55,0x00,0x55,0x03,0x00,0x00,0x00,0x00,0x00,0x00,0x00,0x00,0x00,0x00,0x00,0x00,0x00,0x00,0x00,0x00,0x00,0x00,0x00,0x00,
    0x00,0x00,0x00,0x00,0x00,0x00,0x00,0x00,0x00,0x00,0x00,0x00,0x00,0x00,0x00,0x00,0x00,0xaa,0xff,0x03,0x00,0x00,0x00,0x00,
    0x00,0x73,0xfb,0x4b,0x01,0x7c,0xff,0xff,0x01,0x78,0xfc,0xfb,0x01,0x77,0xfc,0xfe,0x01,0x77,0xfc,0xfa,0x01,0x7f,0xff,0xff,
    0x01,0x78,0xfd,0x88,0x00,0x7f,0xff,0x0e,0x00,0x78,0xff,0x13,0x00,0x7f,0xff,0x0e,0x00,0x7f,0xff,0x0e,0x00,0x77,0xff,0x0f,
    0x00,0x77,0xff,0x0f,0x00,0x79,0xff,0x15,0x00,0x78,0xff,0x48,0x01,0x79,0xfc,0xdf,0x01,0x7a,0xfc,0xfe,0x00,0x78,0xfc,0xfc,
    0x01,0x78,0xfc,0xfe,0x00,0x78,0xfc,0xfa,0x00,0x7e,0xff,0xfd,0x01,0x78,0xfb,0xa3,0x00,0x00,0x00,0x00,0x00,0x6d,0xff,0x07,
    0x00,0x00,0x00,0x00,0x00,0x00,0x00,0x00,0x00,0x00,0x00,0x00,0x00,0x00,0x00,0x00,0x00,0x00,0x00,0x00,0x00,0x00,0x00,0x00,
    0x00,0x00,0x00,0x00,0x00,0x00,0x00,0x00,0x00,0x00,0x00,0x00,0x00,0x00,0x00,0x00,0x00,0x00,0x00,0x00,0x01,0x79,0xfd,0xb2,
    0x01,0x7f,0xff,0xff,0x00,0x76,0xfb,0xfb,0x01,0x77,0xfb,0xfe,0x01,0x78,0xfb,0xfd,0x01,0x7b,0xff,0xff,0x00,0x7c,0xff,0x29,
    0x00,0x00,0x00,0x00,0x00,0x00,0x00,0x00,0x00,0x00,0x00,0x00,0x00,0x00,0x00,0x00,0x7f,0x00,0x3f,0x04,0x00,0x00,0x00,0x00,
    0x87,0x0e,0x65,0x9a,0x90,0x0f,0x6b,0xff,0x86,0x0e,0x64,0xfa,0x87,0x0e,0x65,0xfe,0x87,0x0e,0x65,0xfd,0x89,0x0e,0x66,0xff,
    0x88,0x0e,0x63,0x7b,0x89,0x0e,0x66,0x57,0x88,0x0e,0x66,0x5a,0x89,0x0e,0x64,0x59,0x89,0x0e,0x64,0x59,0x88,0x0e,0x66,0x5a,
    0x87,0x0d,0x64,0x75,0x88,0x0e,0x63,0xcf,0x8c,0x0f,0x68,0xff,0x86,0x0e,0x64,0xfd,0x86,0x0e,0x65,0xfe,0x86,0x0e,0x65,0xfe,
    0x87,0x0e,0x65,0xfb,0x90,0x0f,0x6c,0xff,0x87,0x0d,0x66,0x4d,0x00,0x00,0x00,0x00,0x00,0x00,0x00,0x00,0x89,0x0f,0x64,0x86,
    0x94,0x11,0x6e,0xff,0x87,0x0e,0x66,0xf8,0x88,0x0f,0x66,0xfe,0x88,0x0f,0x65,0xfd,0x88,0x0f,0x66,0xfe,0x8f,0x10,0x6b,0xff,
    0x8a,0x0e,0x67,0xbd,0x8a,0x0e,0x68,0x5a,0x86,0x15,0x6a,0x24,0x77,0x22,0x88,0x0f,0x78,0x1e,0x78,0x11,0x88,0x11,0x6b,0x2d,
    0x8b,0x0f,0x68,0x75,0x8b,0x0e,0x69,0xdf,0x90,0x10,0x6c,0xff,0x88,0x0f,0x66,0xfb,0x88,0x0f,0x66,0xfe,0x87,0x0e,0x65,0xfe,
    0x88,0x0e,0x65,0xf9,0x94,0x10,0x6d,0xff,0x8c,0x11,0x66,0x57,0x00,0x00,0x00,0x00,0x00,0x00,0x00,0x00,0x87,0x0e,0x63,0x7e,
    0x91,0x10,0x6d,0xff,0x87,0x0f,0x66,0xf9,0x87,0x0f,0x66,0xfe,0x88,0x0f,0x66,0xfd,0x8a,0x0f,0x68,0xfe,0x8a,0x0f,0x66,0xee,
    0x89,0x0e,0x64,0x7c,0x89,0x0f,0x66,0x41,0x8b,0x11,0x62,0x2c,0x8a,0x10,0x63,0x2e,0x8d,0x10,0x65,0x3f,0x8c,0x0f,0x65,0x62,
    0x89,0x0f,0x67,0xa0,0x8a,0x0f,0x67,0xe5,0x91,0x11,0x6c,0xff,0x91,0x11,0x6c,0xff,0x8e,0x14,0x6b,0x32,0x00,0x00,0x00,0x01,
    0x55,0x00,0x55,0x03,0x00,0x00,0x00,0x00,0x00,0x00,0x00,0x00,0x00,0x00,0x00,0x00,0x00,0x00,0x00,0x00,0x00,0x00,0x00,0x00,
    0x00,0x00,0x00,0x00,0x00,0x00,0x00,0x00,0x00,0x00,0x00,0x00,0x00,0x00,0x00,0x00,0x00,0xaa,0xff,0x03,0x00,0x00,0x00,0x00,
    0x00,0x77,0xfb,0x4b,0x01,0x7b,0xff,0xff,0x00,0x78,0xfc,0xfb,0x01,0x78,0xfb,0xfe,0x01,0x78,0xfb,0xfa,0x01,0x7f,0xff,0xff,
    0x02,0x78,0xfa,0x7f,0x00,0x00,0x00,0x00,0x00,0x00,0x00,0x00,0x00,0x00,0x00,0x00,0x00,0x00,0x00,0x00,0x00,0x00,0x00,0x00,
    0x00,0x00,0x00,0x00,0x00,0x00,0x00,0x00,0x00,0x00,0x00,0x00,0x00,0x76,0xf9,0x61,0x01,0x7e,0xff,0xff,0x01,0x78,0xfc,0xfa,
    0x00,0x77,0xfb,0xfe,0x01,0x77,0xfb,0xfb,0x01,0x7d,0xff,0xff,0x01,0x77,0xfd,0xb4,0x00,0x00,0x00,0x00,0x00,0x00,0xff,0x01,
    0x00,0x79,0xff,0x17,0x01,0x77,0xfd,0xb8,0x01,0x76,0xfc,0xc1,0x01,0x77,0xfc,0xbc,0x01,0x76,0xfd,0xbb,0x00,0x79,0xff,0xc3,
    0x01,0x77,0xfd,0x9c,0x00,0x7f,0xff,0x02,0x00,0x76,0xfb,0x47,0x00,0x7d,0xff,0xa2,0x00,0x76,0xfb,0x9d,0x01,0x76,0xfc,0xe4,
    0x00,0x79,0xfd,0xfe,0x00,0x77,0xfc,0xfd,0x01,0x78,0xfb,0xfe,0x00,0x78,0xfb,0xfe,0x01,0x79,0xfd,0xfe,0x00,0x78,0xfc,0xb4,
    0x00,0x78,0xfb,0x9f,0x00,0x75,0xfd,0x9e,0x00,0x7c,0xff,0xa2,0x02,0x77,0xf9,0x62,0xff,0x00,0x00,0x01,0x00,0x00,0x00,0x00,
    0x87,0x0e,0x65,0x9a,0x90,0x10,0x6b,0xff,0x87,0x0e,0x64,0xfa,0x87,0x0f,0x65,0xfe,0x87,0x0e,0x65,0xfd,0x8b,0x0e,0x66,0xff,
    0x89,0x0d,0x62,0x27,0x00,0x00,0x00,0x00,0x00,0x00,0x00,0x00,0x00,0x00,0x00,0x00,0x00,0x00,0x00,0x00,0x00,0x00,0x00,0x00,
    0x00,0x00,0x00,0x00,0x91,0x00,0x6d,0x07,0x89,0x0f,0x65,0xc9,0x8c,0x10,0x69,0xfe,0x85,0x0e,0x65,0xfc,0x86,0x0e,0x65,0xfe,
    0x85,0x0d,0x64,0xfa,0x90,0x0f,0x6b,0xfe,0x88,0x0f,0x65,0x97,0x00,0x00,0x00,0x01,0x8b,0x0d,0x66,0x37,0x8c,0x10,0x67,0xfd,
    0x89,0x0f,0x67,0xfb,0x88,0x0f,0x65,0xfd,0x87,0x0f,0x65,0xfd,0x89,0x0e,0x67,0xfd,0x8b,0x0f,0x6a,0xfa,0x89,0x0e,0x69,0x68,
    0x00,0x00,0x00,0x00,0x00,0x01,0x00,0x00,0x00,0x00,0x00,0x00,0x00,0x00,0x00,0x00,0x00,0x00,0x00,0x00,0x00,0x00,0x00,0x00,
    0x00,0x00,0x00,0x00,0x87,0x0f,0x69,0x11,0x8b,0x0f,0x69,0xa4,0x90,0x10,0x6b,0xff,0x88,0x0f,0x65,0xfb,0x88,0x0f,0x66,0xfe,
    0x88,0x0e,0x66,0xfc,0x8d,0x0f,0x6a,0xfe,0x8a,0x0e,0x67,0xe1,0x89,0x13,0x62,0x0d,0x00,0x00,0x00,0x00,0x88,0x0e,0x64,0xbe,
    0x8d,0x0f,0x6a,0xfe,0x88,0x0e,0x66,0xfb,0x88,0x0f,0x67,0xfe,0x89,0x0f,0x67,0xfc,0x8d,0x10,0x6a,0xfc,0x8b,0x0d,0x65,0x49,
    0x00,0x00,0x00,0x00,0x00,0x00,0x00,0x00,0x00,0x00,0x00,0x00,0x00,0x00,0x00,0x00,0x00,0x00,0x00,0x00,0x00,0x00,0x00,0x00,
    0x00,0x00,0x00,0x00,0x8f,0x0f,0x6f,0x10,0x8c,0x11,0x67,0x76,0x88,0x0f,0x65,0x83,0x00,0x00,0x00,0x00,0xff,0x00,0x00,0x01,
    0x00,0x00,0x00,0x00,0x00,0x00,0x00,0x00,0x00,0x00,0x00,0x00,0x00,0x00,0x00,0x00,0x00,0x00,0x00,0x00,0x00,0x00,0x00,0x00,
    0x00,0x00,0x00,0x00,0x00,0x00,0x00,0x00,0x00,0x00,0x00,0x00,0x00,0x00,0x00,0x00,0x00,0xaa,0xff,0x03,0x00,0x00,0x00,0x00,
    0x00,0x73,0xfb,0x4b,0x00,0x7a,0xff,0xff,0x00,0x77,0xfb,0xfb,0x01,0x78,0xfc,0xfe,0x01,0x77,0xfb,0xfa,0x01,0x7e,0xff,0xff,
    0x01,0x76,0xfb,0x83,0x00,0x66,0xff,0x05,0x00,0x71,0xff,0x09,0x00,0x66,0xff,0x05,0x00,0x66,0xff,0x05,0x00,0x66,0xff,0x05,
    0x00,0x66,0xff,0x05,0x00,0x8d,0xff,0x09,0x00,0x00,0x00,0x00,0x00,0x77,0xfb,0x53,0x01,0x7d,0xff,0xff,0x00,0x76,0xfb,0xfb,
    0x01,0x77,0xfc,0xfd,0x01,0x76,0xfc,0xf9,0x01,0x7e,0xff,0xfd,0x00,0x77,0xfd,0xa2,0x00,0x00,0x00,0x00,0x00,0x00,0x00,0x00,
    0x00,0x73,0xf9,0x2c,0x01,0x7c,0xff,0xff,0x00,0x7d,0xff,0xff,0x00,0x7c,0xff,0xff,0x00,0x7c,0xff,0xff,0x00,0x7f,0xff,0xff,
    0x01,0x76,0xfc,0xec,0x00,0x00,0x00,0x00,0x00,0x78,0xfd,0x90,0x00,0x86,0xff,0xff,0x00,0x7c,0xff,0xff,0x00,0x79,0xff,0xff,
    0x00,0x76,0xfb,0xfe,0x00,0x77,0xfc,0xfe,0x01,0x77,0xfc,0xfe,0x01,0x77,0xfc,0xfe,0x01,0x76,0xfc,0xfd,0x01,0x7c,0xff,0xff,
    0x01,0x7e,0xff,0xff,0x01,0x7c,0xff,0xff,0x01,0x86,0xff,0xff,0x01,0x77,0xfc,0xbc,0x02,0x00,0x00,0x00,0x00,0x00,0x00,0x00,
    0x88,0x0f,0x65,0x99,0x91,0x10,0x6b,0xff,0x87,0x0e,0x66,0xfa,0x87,0x0e,0x65,0xfe,0x87,0x0e,0x65,0xfd,0x8a,0x0e,0x66,0xff,
    0x88,0x0d,0x64,0x38,0x7f,0x00,0x3f,0x04,0x6d,0x00,0x48,0x07,0x7f,0x00,0x3f,0x04,0x7f,0x00,0x3f,0x04,0xaa,0x00,0x55,0x03,
    0x7f,0x00,0x5f,0x08,0x00,0x00,0x00,0x00,0x88,0x10,0x66,0x5f,0x90,0x10,0x6b,0xff,0x85,0x0e,0x64,0xfa,0x86,0x0e,0x65,0xfe,
    0x87,0x0e,0x65,0xfb,0x8f,0x0f,0x6a,0xff,0x89,0x0f,0x65,0xb8,0x00,0x00,0x00,0x00,0x8a,0x10,0x64,0xaf,0x91,0x11,0x6c,0xff,
    0x87,0x0f,0x67,0xfa,0x87,0x0f,0x66,0xfe,0x88,0x0f,0x66,0xfc,0x8d,0x10,0x6b,0xff,0x8a,0x0f,0x69,0x55,0x00,0x00,0x00,0x00,
    0xaa,0x00,0x55,0x03,0x02,0x00,0x00,0x00,0x0e,0x63,0xe2,0x12,0x04,0x75,0xfa,0x34,0x05,0x70,0xf9,0x2b,0x7f,0x00,0x7f,0x02,
    0x02,0x00,0x00,0x00,0x00,0xff,0xff,0x01,0x00,0x00,0x00,0x00,0x89,0x0e,0x65,0xab,0x90,0x0f,0x6b,0xff,0x88,0x0f,0x66,0xfb,
    0x88,0x0f,0x66,0xfe,0x88,0x0f,0x66,0xfb,0x92,0x10,0x6d,0xff,0x8a,0x0f,0x64,0x60,0x00,0x00,0x00,0x00,0x88,0x0e,0x65,0xd5,
    0x8c,0x0f,0x69,0xff,0x88,0x0e,0x66,0xfc,0x89,0x0f,0x66,0xfd,0x89,0x0f,0x67,0xff,0x8a,0x0f,0x65,0xf8,0x8c,0x0c,0x66,0x14,
    0x00,0x00,0x00,0x00,0x7f,0x00,0x7f,0x06,0x7f,0x00,0x55,0x06,0x7f,0x00,0x55,0x06,0x66,0x00,0x66,0x05,0x7f,0x00,0x7f,0x04,
    0xaa,0x00,0x55,0x03,0x00,0x00,0x00,0x00,0x00,0x00,0x00,0x00,0x00,0x00,0x00,0x00,0x00,0x00,0x00,0x01,0x00,0x00,0x00,0x00,
    0x00,0x00,0x00,0x00,0x00,0x00,0x00,0x00,0x00,0x00,0x00,0x00,0x00,0x00,0x00,0x00,0x00,0x00,0x00,0x00,0x00,0x00,0x00,0x00,
    0x00,0x00,0x00,0x00,0x00,0x00,0x00,0x00,0x00,0x00,0x00,0x00,0x00,0x00,0x00,0x00,0x00,0xaa,0xff,0x03,0x00,0x00,0x00,0x00,
    0x00,0x73,0xfb,0x4b,0x01,0x7c,0xff,0xff,0x01,0x77,0xfc,0xfb,0x01,0x77,0xfb,0xfe,0x01,0x77,0xfb,0xfa,0x01,0x80,0xff,0xff,
    0x00,0x78,0xfa,0x77,0x00,0x00,0x00,0x00,0x00,0x00,0x00,0x00,0x00,0x00,0x00,0x00,0x00,0x00,0x00,0x00,0x00,0x00,0x00,0x00,
    0x00,0x00,0x00,0x00,0x00,0x00,0x00,0x00,0x00,0x73,0xff,0x0b,0x01,0x78,0xfd,0xbd,0x01,0x7b,0xff,0xfe,0x00,0x77,0xfc,0xfb,
    0x01,0x78,0xfc,0xfe,0x00,0x77,0xfb,0xf9,0x01,0x81,0xff,0xff,0x02,0x78,0xfc,0x5b,0x00,0x00,0x00,0x00,0x00,0x00,0x00,0x00,
    0x00,0x79,0xff,0x28,0x01,0x77,0xfb,0xfb,0x01,0x78,0xfc,0xfb,0x00,0x77,0xfb,0xfb,0x00,0x78,0xfc,0xf9,0x00,0x7b,0xff,0xfc,
    0x01,0x76,0xfc,0xdd,0x00,0x00,0x00,0x00,0x00,0x77,0xfd,0x84,0x01,0x7f,0xff,0xf8,0x00,0x77,0xfc,0xf3,0x01,0x78,0xfc,0xfc,
    0x01,0x78,0xfc,0xfe,0x00,0x77,0xfb,0xfe,0x01,0x77,0xfb,0xfe,0x01,0x77,0xfb,0xfe,0x01,0x77,0xfb,0xfe,0x01,0x77,0xfb,0xf9,
    0x01,0x77,0xfc,0xf7,0x00,0x77,0xfb,0xf5,0x01,0x7f,0xff,0xf8,0x01,0x76,0xfd,0xaa,0x02,0x00,0x00,0x00,0x00,0x00,0x00,0x00,
    0x86,0x0e,0x66,0x9b,0x90,0x10,0x6c,0xff,0x87,0x0e,0x66,0xfa,0x87,0x0e,0x65,0xfe,0x88,0x0e,0x65,0xfd,0x8b,0x0e,0x67,0xff,
    0x8b,0x0e,0x65,0x35,0x00,0x00,0x00,0x00,0x55,0x00,0x55,0x03,0x00,0x00,0x00,0x00,0x00,0x00,0x00,0x00,0x00,0x00,0x00,0x00,
    0x7f,0x00,0x3f,0x04,0xaa,0x00,0x55,0x03,0x89,0x10,0x65,0x4e,0x8e,0x0f,0x6a,0xff,0x86,0x0e,0x65,0xfb,0x86,0x0e,0x65,0xfe,
    0x87,0x0e,0x65,0xfb,0x8f,0x0f,0x6b,0xff,0x88,0x0e,0x63,0xb3,0x8d,0x0e,0x71,0x12,0x8a,0x0f,0x66,0xf7,0x89,0x0f,0x67,0xfe,
    0x88,0x0f,0x65,0xfd,0x88,0x0f,0x67,0xfa,0x92,0x11,0x6e,0xff,0x87,0x0f,0x68,0x98,0x00,0x00,0x00,0x00,0x7f,0x2a,0x7f,0x06,
    0x00,0x7f,0xff,0x04,0x01,0x77,0xfd,0x86,0x01,0x78,0xfd,0xe8,0x01,0x77,0xfe,0xff,0x01,0x75,0xfb,0xfc,0x01,0x78,0xfd,0xce,
    0x03,0x6f,0xfb,0x49,0x01,0x00,0x00,0x00,0x7f,0x7f,0xff,0x02,0x8f,0x0f,0x6f,0x10,0x89,0x0f,0x67,0xe8,0x8a,0x0f,0x68,0xfe,
    0x88,0x0f,0x65,0xfd,0x88,0x0e,0x65,0xfb,0x8f,0x0f,0x6b,0xfe,0x89,0x0f,0x63,0xb8,0x00,0x00,0x00,0x00,0x88,0x0f,0x64,0xca,
    0x8c,0x0f,0x69,0xfe,0x88,0x0f,0x65,0xfb,0x88,0x0f,0x66,0xfe,0x88,0x0f,0x66,0xfc,0x8e,0x0f,0x6a,0xff,0x8c,0x0e,0x66,0xab,
    0x8d,0x0e,0x6a,0x24,0x00,0x00,0x00,0x00,0x00,0x00,0x00,0x00,0x00,0x00,0x00,0x00,0x00,0x00,0x00,0x00,0x00,0x00,0x00,0x00,
    0x7f,0x00,0x7f,0x04,0x7f,0x00,0x7f,0x04,0x7f,0x00,0x7f,0x04,0xaa,0x00,0x55,0x03,0x00,0x00,0x00,0x00,0x00,0x00,0x00,0x00,
    0x00,0x00,0x00,0x00,0x00,0x00,0x00,0x00,0x00,0x00,0x00,0x00,0x00,0x00,0x00,0x00,0x00,0x00,0x00,0x00,0x00,0x00,0x00,0x00,
    0x00,0x00,0x00,0x00,0x00,0x00,0x00,0x00,0x00,0x00,0x00,0x00,0x00,0x00,0x00,0x00,0x00,0xaa,0xff,0x03,0x00,0x00,0x00,0x00,
    0x00,0x77,0xfb,0x4b,0x01,0x7c,0xff,0xff,0x00,0x77,0xfc,0xfb,0x01,0x77,0xfb,0xfe,0x01,0x77,0xfc,0xfc,0x01,0x7b,0xfd,0xff,
    0x01,0x76,0xfc,0xc0,0x00,0x75,0xfb,0x80,0x00,0x75,0xfd,0x82,0x01,0x77,0xfd,0x80,0x00,0x74,0xfd,0x81,0x00,0x74,0xfb,0x81,
    0x01,0x77,0xfd,0x82,0x01,0x75,0xfb,0x94,0x01,0x76,0xfc,0xd9,0x00,0x7b,0xff,0xff,0x00,0x77,0xfc,0xfd,0x01,0x77,0xfc,0xfe,
    0x01,0x77,0xfb,0xfc,0x01,0x83,0xff,0xff,0x01,0x79,0xfc,0xcc,0x00,0x6d,0xff,0x07,0x00,0x55,0xff,0x03,0x00,0x00,0x00,0x00,
    0x00,0x79,0xf8,0x2a,0x00,0x77,0xfc,0xff,0x01,0x78,0xfc,0xfe,0x00,0x78,0xfb,0xfe,0x01,0x78,0xfc,0xfc,0x00,0x7c,0xff,0xff,
    0x01,0x78,0xfc,0xe1,0x00,0x00,0x00,0x00,0x00,0x7a,0xfd,0x90,0x01,0x87,0xff,0xff,0x00,0x7b,0xff,0xff,0x01,0x78,0xfe,0xff,
    0x01,0x77,0xfb,0xfe,0x00,0x77,0xfc,0xfe,0x01,0x78,0xfb,0xfe,0x00,0x78,0xfc,0xfe,0x01,0x78,0xfc,0xfe,0x01,0x7c,0xff,0xff,
    0x00,0x7d,0xff,0xff,0x01,0x7c,0xff,0xff,0x00,0x84,0xff,0xff,0x01,0x76,0xfc,0xbb,0x02,0x00,0x00,0x00,0x00,0x00,0x00,0x00,
    0x86,0x0e,0x64,0x9b,0x90,0x0f,0x6b,0xff,0x86,0x0e,0x66,0xfa,0x87,0x0e,0x65,0xfe,0x89,0x0e,0x66,0xfd,0x8c,0x0f,0x68,0xff,
    0x8d,0x0d,0x64,0x38,0x7f,0x00,0x7f,0x04,0x6d,0x00,0x6d,0x07,0x7f,0x00,0x7f,0x04,0x7f,0x00,0x7f,0x04,0x7f,0x00,0x7f,0x04,
    0x7f,0x00,0x7f,0x06,0x00,0x00,0x00,0x00,0x87,0x0f,0x64,0x84,0x90,0x10,0x6b,0xff,0x86,0x0e,0x64,0xfa,0x86,0x0e,0x65,0xfe,
    0x87,0x0e,0x66,0xfa,0x92,0x0f,0x6d,0xfe,0x88,0x0f,0x64,0x95,0x8b,0x11,0x65,0x49,0x93,0x11,0x6c,0xff,0x87,0x0f,0x65,0xfb,
    0x88,0x0e,0x65,0xfd,0x88,0x0f,0x67,0xfe,0x8b,0x10,0x6a,0xf8,0x8e,0x0f,0x70,0x22,0x7f,0x7f,0x7f,0x02,0x01,0x00,0x00,0x00,
    0x01,0x74,0xfb,0xa2,0x00,0x82,0xff,0xff,0x00,0x78,0xff,0xff,0x01,0x76,0xfb,0xfd,0x00,0x75,0xfb,0xfe,0x00,0x7c,0xff,0xff,
    0x01,0x79,0xfd,0xfe,0x03,0x72,0xfb,0x43,0xff,0x00,0x00,0x01,0x00,0x00,0x00,0x00,0x87,0x0e,0x66,0x89,0x91,0x10,0x6c,0xff,
    0x87,0x0e,0x66,0xfa,0x88,0x0e,0x65,0xfd,0x8a,0x0e,0x67,0xff,0x88,0x0e,0x64,0xeb,0x00,0x00,0x00,0x00,0x8a,0x0e,0x64,0x8c,
    0x91,0x0f,0x6b,0xff,0x87,0x0e,0x65,0xf9,0x88,0x0f,0x66,0xfe,0x88,0x0f,0x66,0xfe,0x88,0x0f,0x66,0xfd,0x8f,0x10,0x6b,0xff,
    0x89,0x0e,0x65,0xf7,0x8a,0x0f,0x66,0xc5,0x8c,0x0e,0x67,0x8c,0x8a,0x0f,0x65,0x53,0x8b,0x0f,0x64,0x21,0x00,0x00,0x00,0x00,
    0x00,0x00,0x00,0x00,0x00,0x00,0x00,0x00,0x00,0x00,0x00,0x00,0x55,0x00,0x55,0x03,0x00,0x00,0x00,0x00,0x00,0x00,0x00,0x00,
    0x00,0x00,0x00,0x00,0x00,0x00,0x00,0x00,0x00,0x00,0x00,0x00,0x00,0x00,0x00,0x00,0x00,0x00,0x00,0x00,0x00,0x00,0x00,0x00,
    0x00,0x00,0x00,0x00,0x00,0x00,0x00,0x00,0x00,0x00,0x00,0x00,0x00,0x00,0x00,0x00,0x00,0xaa,0xff,0x03,0x00,0x00,0x00,0x00,
    0x00,0x77,0xfb,0x4b,0x01,0x7b,0xff,0xff,0x01,0x77,0xfc,0xfb,0x01,0x77,0xfb,0xfe,0x00,0x77,0xfb,0xfe,0x01,0x76,0xfb,0xfe,
    0x01,0x79,0xff,0xff,0x01,0x7d,0xff,0xff,0x00,0x7e,0xff,0xff,0x00,0x7f,0xff,0xff,0x00,0x7f,0xff,0xff,0x00,0x7e,0xff,0xff,
    0x01,0x7f,0xff,0xff,0x01,0x7f,0xff,0xff,0x01,0x7b,0xff,0xff,0x00,0x77,0xfc,0xfc,0x01,0x78,0xfc,0xfe,0x00,0x78,0xfc,0xfc,
    0x01,0x7a,0xfd,0xfd,0x01,0x7b,0xfd,0xb8,0x00,0x79,0xff,0x17,0x00,0x7f,0xff,0x02,0x00,0x7f,0xff,0x04,0x00,0x00,0x00,0x00,
    0x00,0x79,0xff,0x2a,0x00,0x77,0xfc,0xff,0x01,0x79,0xfc,0xfe,0x01,0x79,0xfb,0xfe,0x01,0x79,0xfc,0xfc,0x01,0x7c,0xff,0xff,
    0x01,0x78,0xfc,0xde,0x00,0x00,0xff,0x01,0x03,0x7b,0xfc,0x55,0x01,0x7e,0xff,0xc0,0x00,0x76,0xfc,0xbb,0x01,0x77,0xfb,0xef,
    0x01,0x78,0xfc,0xfe,0x00,0x76,0xfb,0xfd,0x01,0x77,0xfb,0xfe,0x01,0x78,0xfb,0xfe,0x01,0x78,0xfc,0xfe,0x01,0x76,0xfb,0xcc,
    0x01,0x77,0xfc,0xbc,0x01,0x77,0xfc,0xbc,0x01,0x7b,0xff,0xc0,0x02,0x77,0xfc,0x73,0xff,0x00,0x00,0x01,0x00,0x00,0x00,0x00,
    0x88,0x0f,0x65,0x99,0x90,0x0f,0x6b,0xff,0x87,0x0e,0x66,0xfa,0x87,0x0f,0x66,0xfe,0x88,0x0e,0x66,0xfd,0x8d,0x0f,0x68,0xff,
    0x89,0x0d,0x62,0x27,0x00,0x00,0x00,0x00,0x00,0x00,0x00,0x00,0x00,0x00,0x00,0x00,0x00,0x00,0x00,0x00,0x00,0x00,0x00,0x00,
    0x00,0x00,0x00,0x00,0x89,0x10,0x68,0x3d,0x8a,0x10,0x67,0xef,0x8a,0x0f,0x66,0xfd,0x87,0x0e,0x65,0xfd,0x87,0x0e,0x65,0xfe,
    0x87,0x0e,0x66,0xfa,0x95,0x10,0x6e,0xff,0x8b,0x0e,0x68,0x58,0x88,0x0f,0x62,0x72,0x93,0x11,0x6d,0xff,0x87,0x0f,0x66,0xfa,
    0x86,0x0e,0x65,0xfc,0x8e,0x0f,0x6a,0xff,0x8a,0x10,0x67,0xcb,0x00,0x01,0x01,0x00,0x00,0x00,0x00,0x00,0x04,0x73,0xfa,0x3e,
    0x01,0x7c,0xff,0xff,0x00,0x77,0xfc,0xf9,0x01,0x77,0xfc,0xfc,0x01,0x76,0xfb,0xfe,0x00,0x76,0xfb,0xfe,0x01,0x77,0xfb,0xf9,
    0x01,0x7e,0xff,0xff,0x01,0x76,0xfc,0xca,0xff,0x7f,0xff,0x02,0xff,0x00,0x00,0x01,0x87,0x0f,0x64,0x42,0x8e,0x0f,0x69,0xff,
    0x87,0x0f,0x66,0xfc,0x88,0x0e,0x65,0xfd,0x87,0x0e,0x65,0xfe,0x89,0x0f,0x66,0xfe,0x8b,0x10,0x62,0x1f,0x87,0x0f,0x5f,0x20,
    0x8b,0x0e,0x67,0xfa,0x8a,0x0f,0x68,0xff,0x86,0x0f,0x66,0xfa,0x89,0x0f,0x66,0xfd,0x88,0x0f,0x67,0xfe,0x88,0x0f,0x66,0xfb,
    0x89,0x0f,0x67,0xff,0x8e,0x10,0x6b,0xff,0x91,0x10,0x6d,0xff,0x8f,0x10,0x6a,0xff,0x89,0x0f,0x65,0xf6,0x8c,0x0f,0x69,0xcb,
    0x8e,0x0e,0x69,0x8c,0x8e,0x10,0x68,0x3d,0x00,0x00,0x00,0x00,0x00,0x00,0x00,0x00,0x55,0x00,0x55,0x03,0x00,0x00,0x00,0x00,
    0x00,0x00,0x00,0x00,0x00,0x00,0x00,0x00,0x00,0x00,0x00,0x00,0x00,0x00,0x00,0x00,0x00,0x00,0x00,0x00,0x00,0x00,0x00,0x00,
    0x00,0x00,0x00,0x00,0x00,0x00,0x00,0x00,0x00,0x00,0x00,0x00,0x00,0x00,0x00,0x00,0x00,0xaa,0xff,0x03,0x00,0x00,0x00,0x00,
    0x00,0x73,0xfb,0x4b,0x01,0x7c,0xff,0xff,0x00,0x78,0xfc,0xfb,0x01,0x77,0xfb,0xfe,0x01,0x77,0xfc,0xfe,0x01,0x78,0xfc,0xfe,
    0x00,0x78,0xfc,0xfa,0x00,0x77,0xfc,0xf6,0x01,0x79,0xfc,0xf6,0x00,0x78,0xfc,0xf6,0x00,0x78,0xfc,0xf6,0x00,0x78,0xfc,0xf6,
    0x01,0x78,0xfc,0xf6,0x01,0x79,0xfc,0xf6,0x01,0x78,0xfb,0xf9,0x01,0x77,0xfc,0xfd,0x00,0x78,0xfc,0xfe,0x00,0x78,0xfc,0xfc,
    0x01,0x79,0xfd,0xfd,0x01,0x78,0xfd,0x96,0x00,0x66,0xee,0x0f,0x00,0x00,0x00,0x00,0x00,0x7f,0xff,0x04,0x00,0x00,0x00,0x00,
    0x00,0x79,0xf8,0x2a,0x01,0x78,0xfc,0xff,0x01,0x79,0xfc,0xfe,0x01,0x79,0xfb,0xfe,0x00,0x78,0xfc,0xfc,0x00,0x7b,0xff,0xff,
    0x01,0x77,0xfc,0xdb,0x00,0x66,0xff,0x05,0x00,0x00,0x00,0x00,0x00,0x00,0x00,0x00,0x00,0x00,0x00,0x00,0x01,0x77,0xfc,0xc0,
    0x01,0x7d,0xff,0xff,0x00,0x76,0xfb,0xfb,0x01,0x76,0xfc,0xfd,0x00,0x76,0xfb,0xfd,0x01,0x7a,0xff,0xff,0x00,0x7a,0xf9,0x30,
    0x00,0x00,0x00,0x00,0x00,0x00,0x00,0x00,0x00,0x00,0x00,0x00,0x00,0x00,0x00,0x00,0x7f,0x00,0x7f,0x04,0x00,0x00,0x00,0x00,
    0x88,0x10,0x65,0x99,0x90,0x0f,0x6c,0xff,0x87,0x0e,0x67,0xfa,0x87,0x0f,0x66,0xfe,0x88,0x0f,0x66,0xfd,0x8a,0x0f,0x68,0xff,
    0x89,0x0f,0x66,0x96,0x86,0x0e,0x63,0x79,0x88,0x0e,0x65,0x7b,0x88,0x0e,0x65,0x79,0x88,0x0e,0x65,0x79,0x8a,0x10,0x64,0x7f,
    0x89,0x0e,0x64,0xac,0x89,0x0f,0x66,0xfb,0x8a,0x0f,0x68,0xff,0x87,0x0f,0x65,0xfd,0x87,0x0e,0x66,0xfe,0x88,0x0f,0x66,0xfc,
    0x8a,0x0f,0x69,0xfc,0x8b,0x0f,0x68,0xf5,0x94,0x15,0x6a,0x0c,0x87,0x0f,0x62,0x93,0x90,0x10,0x6c,0xff,0x87,0x0f,0x66,0xfa,
    0x87,0x0e,0x66,0xfa,0x91,0x0f,0x6b,0xff,0x8b,0x0f,0x66,0xaa,0x00,0xff,0x00,0x01,0x02,0x00,0x00,0x00,0x02,0x75,0xfc,0x7e,
    0x01,0x7e,0xff,0xfd,0x01,0x78,0xfb,0xfa,0x01,0x77,0xfb,0xfe,0x01,0x77,0xfb,0xfe,0x01,0x78,0xfc,0xfe,0x01,0x77,0xfc,0xfd,
    0x00,0x78,0xff,0xfe,0x01,0x77,0xfb,0xf3,0x12,0x67,0xec,0x1b,0x00,0x00,0x00,0x00,0x88,0x12,0x69,0x29,0x89,0x0f,0x63,0xfd,
    0x88,0x0f,0x66,0xff,0x87,0x0e,0x65,0xfd,0x87,0x0e,0x65,0xfd,0x8b,0x0e,0x67,0xff,0x8a,0x0c,0x63,0x3b,0x00,0x00,0x00,0x00,
    0x88,0x0e,0x66,0x5a,0x8d,0x0f,0x69,0xf8,0x90,0x10,0x6c,0xff,0x88,0x0f,0x67,0xff,0x88,0x10,0x68,0xfa,0x88,0x0f,0x66,0xfb,
    0x88,0x0f,0x66,0xfb,0x87,0x0e,0x65,0xfb,0x87,0x0e,0x66,0xfa,0x88,0x0f,0x66,0xfb,0x89,0x0f,0x67,0xff,0x8e,0x10,0x6b,0xff,
    0x92,0x10,0x6e,0xff,0x8e,0x10,0x6a,0xff,0x8d,0x0f,0x68,0xc5,0x8a,0x0e,0x66,0x46,0x00,0x00,0x00,0x00,0x55,0x00,0x55,0x03,
    0x00,0x00,0x00,0x00,0x00,0x00,0x00,0x00,0x00,0x00,0x00,0x00,0x00,0x00,0x00,0x00,0x00,0x00,0x00,0x00,0x00,0x00,0x00,0x00,
    0x00,0x00,0x00,0x00,0x00,0x00,0x00,0x00,0x00,0x00,0x00,0x00,0x00,0x00,0x00,0x00,0x00,0xaa,0xff,0x03,0x00,0x00,0x00,0x00,
    0x00,0x77,0xfb,0x4b,0x01,0x7e,0xff,0xff,0x00,0x78,0xfc,0xfb,0x00,0x77,0xfb,0xfe,0x01,0x78,0xfc,0xfe,0x01,0x78,0xfb,0xfe,
    0x01,0x7b,0xff,0xff,0x01,0x80,0xff,0xff,0x01,0x80,0xff,0xff,0x01,0x80,0xff,0xff,0x01,0x80,0xff,0xff,0x01,0x80,0xff,0xff,
    0x01,0x80,0xff,0xff,0x01,0x80,0xff,0xff,0x01,0x7f,0xff,0xff,0x01,0x79,0xff,0xff,0x00,0x77,0xfb,0xfd,0x01,0x78,0xfc,0xfe,
    0x01,0x77,0xfc,0xfc,0x00,0x7e,0xff,0xff,0x01,0x7a,0xfd,0xde,0x00,0x79,0xff,0x2a,0x00,0x00,0x00,0x00,0x00,0x00,0x00,0x00,
    0x00,0x7c,0xff,0x29,0x01,0x77,0xfb,0xfe,0x00,0x77,0xfb,0xfe,0x01,0x79,0xfb,0xfe,0x00,0x78,0xfc,0xfc,0x01,0x7b,0xff,0xff,
    0x01,0x78,0xfc,0xdc,0x00,0x66,0xff,0x05,0x00,0x7f,0xff,0x02,0x00,0x7f,0xff,0x04,0x00,0x7f,0xff,0x02,0x01,0x77,0xfc,0xc2,
    0x01,0x7d,0xff,0xff,0x00,0x77,0xfc,0xfb,0x01,0x77,0xfb,0xfe,0x00,0x77,0xfb,0xfd,0x01,0x7b,0xff,0xff,0x00,0x7d,0xff,0x39,
    0x00,0x7f,0xff,0x02,0x00,0x66,0xff,0x05,0x00,0x7f,0xff,0x02,0x00,0x7f,0xff,0x02,0x7f,0x00,0x3f,0x04,0x00,0x00,0x00,0x00,
    0x87,0x0e,0x65,0x9a,0x90,0x0f,0x6c,0xff,0x87,0x0f,0x67,0xfa,0x87,0x0f,0x66,0xfe,0x87,0x0e,0x66,0xfe,0x88,0x0f,0x67,0xfe,
    0x90,0x0f,0x6c,0xff,0x91,0x0f,0x6d,0xff,0x91,0x10,0x6d,0xff,0x91,0x10,0x6e,0xff,0x91,0x10,0x6d,0xff,0x92,0x10,0x6c,0xff,
    0x8f,0x10,0x6b,0xff,0x87,0x0f,0x66,0xff,0x87,0x0f,0x64,0xfd,0x88,0x0f,0x66,0xfe,0x87,0x0f,0x66,0xfc,0x88,0x0f,0x67,0xf9,
    0x96,0x11,0x70,0xff,0x88,0x0f,0x65,0x76,0x00,0x00,0x00,0x00,0x89,0x0e,0x65,0x9a,0x8f,0x10,0x6c,0xff,0x87,0x0f,0x67,0xfa,
    0x88,0x0f,0x66,0xfb,0x91,0x0f,0x6b,0xff,0x89,0x0e,0x63,0xac,0x00,0x01,0x00,0x00,0x02,0x00,0x00,0x00,0x02,0x76,0xfa,0x7d,
    0x01,0x7f,0xff,0xfe,0x01,0x77,0xfb,0xfa,0x01,0x77,0xfb,0xfe,0x01,0x77,0xfb,0xfe,0x01,0x77,0xfb,0xfe,0x01,0x77,0xfc,0xfd,
    0x00,0x78,0xff,0xfe,0x01,0x77,0xfb,0xf2,0x14,0x66,0xea,0x19,0x00,0x00,0x00,0x00,0x85,0x10,0x69,0x2e,0x89,0x10,0x65,0xfe,
    0x88,0x0f,0x66,0xfe,0x88,0x0f,0x65,0xfd,0x88,0x0e,0x65,0xfd,0x8b,0x0f,0x66,0xff,0x8c,0x0f,0x69,0x33,0xff,0x00,0x00,0x01,
    0x00,0x00,0x00,0x00,0x89,0x0f,0x66,0x32,0x8d,0x0f,0x69,0xb0,0x8c,0x10,0x68,0xf7,0x93,0x11,0x6e,0xff,0x91,0x10,0x6c,0xff,
    0x8c,0x10,0x68,0xff,0x88,0x0f,0x66,0xff,0x88,0x0f,0x66,0xfb,0x88,0x0f,0x67,0xfa,0x87,0x0f,0x66,0xfc,0x88,0x0f,0x67,0xfc,
    0x88,0x0f,0x67,0xfa,0x88,0x10,0x67,0xfc,0x8f,0x10,0x6b,0xff,0x91,0x10,0x6c,0xff,0x8a,0x11,0x66,0x78,0x00,0x00,0x00,0x00,
    0x7f,0x00,0x7f,0x02,0x00,0x00,0x00,0x00,0x00,0x00,0x00,0x00,0x00,0x00,0x00,0x00,0x00,0x00,0x00,0x00,0x00,0x00,0x00,0x00,
    0x00,0x00,0x00,0x00,0x00,0x00,0x00,0x00,0x00,0x00,0x00,0x00,0x00,0x00,0x00,0x00,0x00,0xaa,0xff,0x03,0x00,0x00,0x00,0x00,
    0x00,0x73,0xfb,0x4b,0x01,0x7d,0xff,0xff,0x00,0x78,0xfc,0xfb,0x01,0x77,0xfb,0xfe,0x01,0x78,0xfc,0xfc,0x01,0x7c,0xfd,0xff,
    0x01,0x78,0xfc,0xc7,0x01,0x79,0xfd,0x8d,0x00,0x76,0xfd,0x92,0x01,0x77,0xfb,0x91,0x01,0x78,0xfd,0x90,0x01,0x77,0xfd,0x91,
    0x01,0x78,0xfd,0x90,0x00,0x77,0xfd,0x91,0x00,0x78,0xfc,0xab,0x01,0x78,0xfd,0xed,0x01,0x7b,0xff,0xff,0x01,0x76,0xfc,0xfc,
    0x01,0x77,0xfb,0xfe,0x00,0x77,0xfc,0xf8,0x00,0x7e,0xff,0xff,0x01,0x77,0xfc,0xd5,0x00,0x7f,0xff,0x0a,0x00,0x00,0x00,0x00,
    0x00,0x79,0xff,0x2a,0x01,0x77,0xfb,0xfe,0x01,0x77,0xfb,0xfe,0x01,0x78,0xfb,0xfe,0x01,0x79,0xfc,0xfc,0x01,0x7d,0xff,0xff,
    0x01,0x78,0xfb,0xdc,0x00,0x7f,0xff,0x04,0x00,0x00,0x00,0x00,0x00,0x7f,0xff,0x02,0x00,0x00,0x00,0x00,0x01,0x77,0xfc,0xc2,
    0x01,0x7d,0xff,0xff,0x01,0x78,0xfc,0xfb,0x01,0x78,0xfb,0xfe,0x00,0x77,0xfb,0xfd,0x01,0x7a,0xff,0xff,0x00,0x7a,0xff,0x38,
    0x00,0x00,0x00,0x00,0x00,0x55,0xff,0x03,0x00,0x00,0x00,0x00,0x00,0x00,0x00,0x00,0x7f,0x00,0x7f,0x04,0x00,0x00,0x00,0x00,
    0x86,0x0e,0x66,0x9b,0x90,0x0f,0x6c,0xff,0x87,0x0f,0x66,0xfa,0x88,0x0f,0x66,0xfe,0x87,0x0e,0x65,0xfe,0x88,0x0f,0x66,0xfe,
    0x88,0x0f,0x67,0xf9,0x88,0x0f,0x66,0xf8,0x88,0x0e,0x66,0xf8,0x88,0x0e,0x66,0xf8,0x87,0x0e,0x66,0xf8,0x87,0x0f,0x66,0xf8,
    0x88,0x0e,0x65,0xf9,0x87,0x0e,0x65,0xfb,0x87,0x0e,0x66,0xfa,0x87,0x0f,0x66,0xfb,0x8b,0x0f,0x69,0xff,0x93,0x10,0x6e,0xff,
    0x8a,0x0f,0x66,0x90,0x00,0x00,0x00,0x00,0x00,0x00,0x00,0x01,0x88,0x0e,0x66,0x7f,0x91,0x10,0x6d,0xfe,0x87,0x0f,0x67,0xfa,
    0x87,0x0e,0x66,0xfc,0x8d,0x0f,0x69,0xff,0x89,0x0e,0x63,0xd2,0x7f,0x7f,0xff,0x02,0x00,0x00,0x00,0x00,0x04,0x72,0xfa,0x3a,
    0x01,0x7b,0xff,0xff,0x00,0x77,0xfc,0xfa,0x00,0x76,0xfb,0xfc,0x01,0x77,0xfc,0xfd,0x01,0x76,0xfb,0xfd,0x01,0x77,0xfb,0xf8,
    0x00,0x7e,0xff,0xff,0x01,0x75,0xfc,0xbf,0xff,0x00,0xff,0x01,0xff,0x00,0xff,0x01,0x89,0x11,0x66,0x57,0x92,0x11,0x6c,0xff,
    0x88,0x0f,0x65,0xfb,0x88,0x0e,0x65,0xfd,0x89,0x0e,0x66,0xff,0x8a,0x0e,0x66,0xf7,0x90,0x11,0x66,0x1e,0x00,0x00,0x00,0x00,
    0x7f,0x00,0x7f,0x04,0x00,0x00,0x00,0x00,0x00,0x00,0x00,0x00,0x90,0x0d,0x67,0x25,0x8e,0x11,0x69,0x68,0x8d,0x10,0x67,0xaa,
    0x8a,0x0f,0x67,0xdb,0x89,0x0f,0x67,0xfc,0x91,0x10,0x6d,0xff,0x92,0x10,0x6d,0xff,0x8c,0x10,0x69,0xff,0x87,0x0f,0x66,0xfc,
    0x88,0x0f,0x66,0xfe,0x88,0x0f,0x66,0xfe,0x88,0x0f,0x66,0xfb,0x8a,0x0f,0x68,0xfb,0x94,0x11,0x6e,0xff,0x8c,0x0f,0x66,0x50,
    0x00,0x00,0x00,0x00,0xaa,0x00,0x55,0x03,0x00,0x00,0x00,0x00,0x00,0x00,0x00,0x00,0x00,0x00,0x00,0x00,0x00,0x00,0x00,0x00,
    0x00,0x00,0x00,0x00,0x00,0x00,0x00,0x00,0x00,0x00,0x00,0x00,0x00,0x00,0x00,0x00,0x00,0xaa,0xff,0x03,0x00,0x00,0x00,0x00,
    0x00,0x73,0xfb,0x4b,0x01,0x7b,0xff,0xff,0x01,0x77,0xfc,0xfb,0x01,0x77,0xfb,0xfe,0x01,0x78,0xfb,0xfa,0x01,0x81,0xff,0xff,
    0x02,0x7a,0xfc,0x75,0x00,0x00,0x00,0x00,0x00,0x00,0x00,0x00,0x00,0x00,0x00,0x00,0x00,0x00,0x00,0x00,0x00,0x00,0x00,0x00,
    0x00,0x00,0x00,0x00,0x00,0x00,0x00,0x00,0x00,0x00,0x00,0x00,0x00,0x7b,0xff,0x1f,0x01,0x78,0xfc,0xd4,0x00,0x79,0xfd,0xfe,
    0x01,0x77,0xfb,0xfc,0x01,0x78,0xfc,0xfe,0x00,0x77,0xfc,0xf9,0x01,0x80,0xff,0xff,0x00,0x77,0xfc,0x5c,0x00,0x00,0x00,0x00,
    0x00,0x77,0xff,0x2d,0x01,0x78,0xfc,0xfe,0x01,0x79,0xfc,0xfe,0x01,0x78,0xfb,0xfe,0x00,0x79,0xfc,0xfc,0x00,0x7c,0xff,0xff,
    0x01,0x78,0xfc,0xdc,0x00,0x66,0xff,0x05,0x00,0x00,0x00,0x00,0x00,0x7f,0xff,0x02,0x00,0x00,0x00,0x00,0x01,0x76,0xfc,0xc1,
    0x00,0x7d,0xff,0xff,0x01,0x77,0xfc,0xfb,0x01,0x78,0xfb,0xfe,0x00,0x78,0xfb,0xfd,0x01,0x7a,0xff,0xff,0x00,0x78,0xff,0x37,
    0x00,0x00,0x00,0x00,0x00,0x55,0xff,0x03,0x00,0x00,0x00,0x00,0x00,0x00,0x00,0x00,0x7f,0x00,0x7f,0x04,0x00,0x00,0x00,0x00,
    0x88,0x0e,0x66,0x9b,0x90,0x10,0x6c,0xff,0x87,0x0e,0x66,0xfa,0x88,0x0f,0x66,0xfe,0x88,0x0e,0x66,0xfe,0x88,0x0f,0x66,0xfe,
    0x8b,0x0f,0x68,0xff,0x8c,0x0f,0x68,0xff,0x8c,0x10,0x69,0xff,0x8c,0x10,0x69,0xff,0x8c,0x0f,0x69,0xff,0x8c,0x0f,0x69,0xff,
    0x8d,0x0f,0x6a,0xff,0x8f,0x10,0x6b,0xff,0x91,0x10,0x6d,0xff,0x8f,0x10,0x6c,0xff,0x8d,0x0f,0x68,0xd9,0x8a,0x10,0x64,0x5e,
    0x00,0x00,0x00,0x00,0x66,0x00,0x66,0x05,0x00,0x00,0x00,0x00,0x8c,0x0f,0x66,0x50,0x90,0x10,0x6b,0xff,0x88,0x0f,0x66,0xfb,
    0x87,0x0f,0x66,0xfe,0x88,0x0e,0x65,0xfd,0x8d,0x0f,0x69,0xfd,0x89,0x0f,0x6b,0x32,0xff,0x00,0x00,0x01,0x02,0x00,0x00,0x00,
    0x01,0x74,0xfb,0x99,0x00,0x81,0xff,0xff,0x00,0x79,0xff,0xff,0x00,0x77,0xfd,0xff,0x00,0x77,0xfe,0xff,0x00,0x7e,0xff,0xff,
    0x01,0x7a,0xfd,0xf5,0x04,0x73,0xfa,0x35,0xff,0x00,0x7f,0x02,0x00,0x00,0x00,0x00,0x88,0x0f,0x64,0xb1,0x91,0x10,0x6c,0xff,
    0x88,0x0f,0x65,0xfb,0x87,0x0e,0x65,0xfc,0x8c,0x0f,0x69,0xff,0x8a,0x0f,0x66,0xd8,0x7f,0x00,0x7f,0x04,0x00,0x00,0x00,0x00,
    0x7f,0x00,0x7f,0x02,0x7f,0x00,0x7f,0x04,0x7f,0x00,0x7f,0x02,0x00,0x00,0x00,0x00,0x00,0x00,0x00,0x00,0x00,0x00,0x00,0x00,
    0x7f,0x00,0x7f,0x06,0x8c,0x13,0x6c,0x28,0x8d,0x10,0x69,0x5c,0x8c,0x10,0x69,0x99,0x89,0x0e,0x66,0xde,0x8e,0x0f,0x6a,0xff,
    0x89,0x0f,0x66,0xfd,0x87,0x0f,0x66,0xfe,0x88,0x0f,0x66,0xfe,0x89,0x0f,0x65,0xfb,0x8f,0x10,0x6a,0xfe,0x8a,0x0f,0x65,0xcc,
    0xff,0x00,0xff,0x01,0xff,0x00,0xff,0x01,0x00,0x00,0x00,0x00,0x00,0x00,0x00,0x00,0x00,0x00,0x00,0x00,0x00,0x00,0x00,0x00,
    0x00,0x00,0x00,0x00,0x00,0x00,0x00,0x00,0x00,0x00,0x00,0x00,0x00,0x00,0x00,0x00,0x00,0xaa,0xff,0x03,0x00,0x00,0x00,0x00,
    0x00,0x73,0xfb,0x4b,0x00,0x7b,0xff,0xff,0x01,0x77,0xfc,0xfb,0x00,0x76,0xfc,0xfd,0x01,0x77,0xfc,0xf9,0x01,0x7f,0xff,0xff,
    0x00,0x78,0xfd,0x81,0x00,0x7f,0xff,0x04,0x00,0x7f,0xff,0x08,0x00,0x7f,0xff,0x04,0x00,0x7f,0xff,0x04,0x00,0x7f,0xff,0x04,
    0x00,0x7f,0xff,0x04,0x00,0x7f,0xff,0x04,0x00,0x91,0xff,0x07,0x00,0x00,0x00,0x00,0x02,0x78,0xfc,0x6e,0x01,0x7f,0xff,0xff,
    0x00,0x77,0xfb,0xfa,0x01,0x78,0xfc,0xfe,0x01,0x78,0xfb,0xfa,0x01,0x7e,0xff,0xfe,0x00,0x78,0xfb,0x9c,0x00,0x00,0x00,0x00,
    0x00,0x77,0xff,0x2d,0x01,0x77,0xfb,0xfe,0x00,0x78,0xfc,0xfe,0x00,0x78,0xfc,0xfd,0x00,0x79,0xfc,0xfc,0x01,0x7b,0xff,0xff,
    0x01,0x78,0xfc,0xdd,0x00,0x99,0xff,0x05,0x00,0x00,0x00,0x00,0x00,0x7f,0xff,0x02,0x00,0x00,0x00,0x00,0x00,0x77,0xfc,0xc2,
    0x00,0x7c,0xff,0xff,0x00,0x77,0xfc,0xfb,0x01,0x77,0xfb,0xfe,0x00,0x78,0xfc,0xfd,0x01,0x7c,0xff,0xff,0x00,0x78,0xff,0x37,
    0x00,0x00,0x00,0x00,0x00,0x55,0xff,0x03,0x00,0x00,0x00,0x00,0x00,0x00,0x00,0x00,0x7f,0x00,0x3f,0x04,0x00,0x00,0x00,0x00,
    0x89,0x0e,0x66,0x9a,0x91,0x0f,0x6c,0xff,0x87,0x0e,0x66,0xfa,0x87,0x0e,0x65,0xfe,0x88,0x0f,0x66,0xfe,0x89,0x0f,0x67,0xfe,
    0x88,0x0f,0x66,0xe7,0x88,0x0f,0x66,0xe0,0x89,0x0f,0x66,0xe0,0x8a,0x0e,0x66,0xdf,0x8a,0x10,0x66,0xdf,0x89,0x0e,0x66,0xde,
    0x89,0x0f,0x66,0xd7,0x8b,0x0f,0x67,0xc0,0x8c,0x0f,0x68,0x93,0x8c,0x10,0x68,0x4e,0x8d,0x1c,0x55,0x09,0x00,0x00,0x00,0x00,
    0x7f,0x00,0x7f,0x02,0x7f,0x00,0x7f,0x02,0x00,0x00,0x00,0x00,0x8d,0x0e,0x63,0x12,0x89,0x0f,0x66,0xed,0x8a,0x10,0x68,0xfe,
    0x89,0x0f,0x66,0xfd,0x88,0x0e,0x66,0xfb,0x90,0x0f,0x6c,0xff,0x89,0x0f,0x66,0xb4,0x00,0x00,0x00,0x00,0x66,0x33,0x99,0x05,
    0x55,0x55,0x55,0x03,0x02,0x75,0xfc,0x77,0x01,0x79,0xfd,0xdb,0x01,0x77,0xfc,0xf7,0x01,0x78,0xfd,0xef,0x01,0x7a,0xfd,0xb9,
    0x04,0x73,0xfa,0x35,0x03,0x00,0x00,0x00,0x00,0x00,0x00,0x00,0x87,0x0f,0x65,0x44,0x8d,0x0f,0x68,0xfd,0x88,0x0e,0x66,0xfc,
    0x88,0x0f,0x66,0xfe,0x87,0x0f,0x66,0xfa,0x92,0x10,0x6c,0xff,0x89,0x0f,0x67,0x92,0x00,0x00,0x00,0x00,0x7f,0x00,0x7f,0x04,
    0x00,0x00,0x00,0x00,0x00,0x00,0x00,0x00,0x7f,0x00,0x7f,0x04,0xaa,0x00,0x55,0x03,0x7f,0x00,0x7f,0x04,0xaa,0x00,0x55,0x03,
    0x00,0x00,0x00,0x00,0x00,0x00,0x00,0x00,0x00,0x00,0x00,0x00,0x00,0x00,0x00,0x00,0x99,0x19,0x66,0x0a,0x89,0x0f,0x66,0x87,
    0x8b,0x0f,0x68,0xfe,0x86,0x0e,0x65,0xfc,0x87,0x0e,0x65,0xfe,0x88,0x0f,0x65,0xfd,0x89,0x0f,0x66,0xff,0x8b,0x0f,0x66,0xf5,
    0x88,0x12,0x64,0x1c,0x00,0x00,0x00,0x00,0x7f,0x00,0x7f,0x02,0x00,0x00,0x00,0x00,0x00,0x00,0x00,0x00,0x00,0x00,0x00,0x00,
    0x00,0x00,0x00,0x00,0x00,0x00,0x00,0x00,0x00,0x00,0x00,0x00,0x00,0x00,0x00,0x00,0x00,0xaa,0xff,0x03,0x00,0x00,0x00,0x00,
    0x00,0x77,0xfb,0x4b,0x01,0x7b,0xff,0xff,0x01,0x77,0xfc,0xfb,0x00,0x76,0xfc,0xfd,0x01,0x76,0xfc,0xf9,0x01,0x7e,0xff,0xff,
    0x01,0x76,0xfd,0x83,0x00,0x7f,0xff,0x04,0x00,0x7f,0xff,0x08,0x00,0x7f,0xff,0x04,0x00,0x7f,0xff,0x04,0x00,0x7f,0xff,0x04,
    0x00,0x7f,0xff,0x04,0x00,0x7f,0xff,0x04,0x00,0x6d,0xff,0x07,0x00,0x00,0x00,0x00,0x02,0x76,0xfc,0x76,0x01,0x7e,0xff,0xff,
    0x00,0x76,0xfc,0xf9,0x00,0x78,0xfc,0xfe,0x00,0x77,0xfc,0xfa,0x01,0x7d,0xff,0xff,0x01,0x78,0xfd,0xab,0x00,0x00,0x00,0x00,
    0x00,0x79,0xff,0x2c,0x01,0x76,0xfc,0xfd,0x01,0x77,0xfc,0xfe,0x00,0x78,0xfb,0xfe,0x01,0x78,0xfc,0xfc,0x01,0x7c,0xff,0xff,
    0x01,0x78,0xfc,0xdd,0x00,0x99,0xff,0x05,0x00,0x00,0x00,0x00,0x00,0x7f,0xff,0x02,0x00,0x00,0x00,0x00,0x00,0x77,0xfc,0xc3,
    0x00,0x7d,0xff,0xff,0x00,0x76,0xfc,0xfb,0x00,0x77,0xfb,0xfe,0x00,0x77,0xfb,0xfd,0x01,0x7a,0xff,0xff,0x00,0x7a,0xfa,0x36,
    0x00,0x55,0xff,0x03,0x00,0x55,0xd4,0x06,0x00,0x7f,0xff,0x04,0x00,0x55,0xff,0x03,0x7f,0x00,0x3f,0x04,0x00,0x00,0x00,0x00,
    0x87,0x10,0x65,0x9a,0x90,0x0f,0x6b,0xff,0x86,0x0e,0x64,0xfa,0x87,0x0e,0x65,0xfe,0x88,0x0e,0x66,0xfd,0x8c,0x0f,0x68,0xff,
    0x8a,0x0c,0x67,0x3b,0x91,0x00,0x6d,0x07,0x7f,0x00,0x66,0x0a,0x91,0x00,0x6d,0x07,0x91,0x00,0x6d,0x07,0x7f,0x00,0x7f,0x06,
    0x7f,0x00,0x7f,0x02,0x00,0x00,0x00,0x00,0x00,0x00,0x00,0x00,0x00,0x00,0x00,0x00,0x00,0x00,0x00,0x00,0xaa,0x00,0x55,0x03,
    0x00,0x00,0x00,0x00,0x00,0x00,0x00,0x00,0xaa,0x00,0x55,0x03,0x00,0x00,0x00,0x00,0x8a,0x0f,0x64,0x95,0x93,0x10,0x6d,0xff,
    0x87,0x0f,0x66,0xfa,0x88,0x0e,0x66,0xfe,0x87,0x0e,0x66,0xfc,0x90,0x0f,0x6b,0xff,0x8b,0x0f,0x67,0x80,0x00,0x00,0x00,0x00,
    0x00,0x00,0x00,0x00,0x02,0x00,0x00,0x00,0x33,0x4c,0xb2,0x0a,0x0e,0x71,0xf0,0x24,0x12,0x71,0xec,0x1b,0x02,0x00,0x00,0x00,
    0x00,0x00,0x00,0x00,0x00,0x00,0x00,0x00,0x8b,0x11,0x62,0x2c,0x8b,0x0e,0x67,0xe8,0x8b,0x0e,0x68,0xfe,0x88,0x0e,0x66,0xfc,
    0x89,0x0e,0x65,0xfd,0x8a,0x0f,0x68,0xfc,0x8d,0x10,0x68,0xfc,0x8b,0x12,0x67,0x2a,0x00,0x00,0x00,0x01,0x55,0x00,0x55,0x03,
    0x8c,0x0c,0x66,0x14,0x90,0x11,0x66,0x1e,0x00,0x00,0x00,0x00,0x00,0x00,0x00,0x00,0xaa,0x00,0x55,0x03,0x7f,0x00,0x7f,0x04,
    0x7f,0x00,0x7f,0x04,0x99,0x00,0x66,0x05,0x7f,0x00,0x55,0x06,0x9f,0x00,0x5f,0x08,0x00,0x00,0x00,0x01,0x55,0x00,0x55,0x03,
    0x86,0x0e,0x62,0xf0,0x88,0x0f,0x66,0xff,0x87,0x0e,0x65,0xfd,0x88,0x0f,0x66,0xfe,0x89,0x0f,0x66,0xfe,0x8c,0x0f,0x65,0xfd,
    0x8e,0x11,0x64,0x2b,0x00,0x00,0x00,0x00,0x7f,0x00,0x7f,0x02,0x00,0x00,0x00,0x00,0x00,0x00,0x00,0x00,0x00,0x00,0x00,0x00,
    0x00,0x00,0x00,0x00,0x00,0x00,0x00,0x00,0x00,0x00,0x00,0x00,0x00,0x00,0x00,0x00,0x00,0xaa,0xff,0x03,0x00,0x00,0x00,0x00,
    0x00,0x78,0xfb,0x4a,0x00,0x7b,0xff,0xff,0x00,0x76,0xfc,0xfa,0x01,0x76,0xfb,0xfe,0x00,0x77,0xfb,0xfa,0x01,0x7f,0xff,0xff,
    0x02,0x78,0xfc,0x77,0x00,0x00,0x00,0x00,0x00,0x00,0x00,0x00,0x00,0x00,0x00,0x00,0x00,0x00,0x00,0x00,0x00,0x00,0x00,0x00,
    0x00,0x00,0x00,0x00,0x00,0x00,0x00,0x00,0x00,0x00,0x00,0x00,0x00,0x76,0xf8,0x29,0x01,0x76,0xfc,0xdf,0x00,0x78,0xfd,0xfd,
    0x00,0x77,0xfc,0xfc,0x01,0x76,0xfb,0xfe,0x01,0x76,0xfc,0xf9,0x01,0x7e,0xff,0xfe,0x01,0x78,0xfd,0x98,0x00,0x00,0x00,0x00,
    0x00,0x77,0xff,0x2d,0x01,0x76,0xfb,0xfe,0x01,0x77,0xfc,0xfe,0x00,0x77,0xfb,0xfe,0x01,0x78,0xfc,0xfc,0x01,0x7b,0xff,0xff,
    0x01,0x77,0xfc,0xdc,0x00,0x66,0xff,0x05,0x00,0x00,0x00,0x00,0x00,0x55,0xff,0x03,0x00,0x00,0x00,0x00,0x01,0x78,0xfc,0xbd,
    0x01,0x7d,0xff,0xff,0x00,0x77,0xfc,0xfb,0x00,0x77,0xfb,0xfe,0x01,0x77,0xfc,0xfb,0x01,0x7d,0xff,0xff,0x00,0x78,0xff,0x46,
    0x00,0x00,0x00,0x00,0x00,0x00,0x00,0x00,0x00,0x00,0x00,0x00,0x00,0x00,0x00,0x00,0x66,0x00,0x33,0x05,0x00,0x00,0x00,0x00,
    0x87,0x0e,0x65,0x9a,0x8f,0x0f,0x6b,0xff,0x87,0x0e,0x66,0xfa,0x88,0x0f,0x66,0xfe,0x88,0x0f,0x66,0xfd,0x8c,0x0f,0x68,0xff,
    0x8c,0x0f,0x64,0x33,0x00,0x00,0x00,0x00,0x00,0x00,0x00,0x01,0x00,0x00,0x00,0x00,0x00,0x00,0x00,0x00,0x00,0x00,0x00,0x00,
    0x00,0x00,0x00,0x00,0x7f,0x00,0x7f,0x02,0x7f,0x00,0x7f,0x04,0xaa,0x00,0x55,0x03,0x00,0x00,0x00,0x01,0x00,0x00,0x00,0x00,
    0x00,0x00,0x00,0x00,0x00,0x00,0x00,0x00,0x7f,0x00,0x7f,0x02,0xff,0x00,0xff,0x01,0x91,0x12,0x64,0x1c,0x8b,0x0f,0x66,0xf1,
    0x8c,0x0f,0x68,0xff,0x88,0x0f,0x66,0xfc,0x88,0x0f,0x66,0xfe,0x89,0x0e,0x66,0xfb,0x90,0x0f,0x6a,0xff,0x8c,0x0f,0x67,0xa2,
    0x8b,0x0f,0x6c,0x21,0x00,0x01,0x00,0x00,0x00,0x00,0x00,0x00,0x00,0x00,0x00,0x00,0x00,0x00,0x00,0x00,0x00,0x00,0x00,0x00,
    0x55,0x2a,0xaa,0x06,0x8a,0x0f,0x67,0x60,0x8c,0x10,0x68,0xed,0x8d,0x0f,0x69,0xff,0x88,0x0e,0x66,0xfc,0x89,0x0e,0x66,0xff,
    0x88,0x0e,0x65,0xf9,0x95,0x11,0x6f,0xff,0x8a,0x0f,0x64,0x93,0x00,0x00,0x00,0x00,0x99,0x00,0x66,0x05,0x00,0x00,0x00,0x00,
    0x8a,0x10,0x65,0xb8,0x90,0x10,0x69,0xf1,0x8c,0x0f,0x66,0x72,0x90,0x0b,0x63,0x17,0x00,0x00,0x00,0x00,0x00,0x00,0x00,0x00,
    0x00,0x00,0x00,0x00,0x00,0x00,0x00,0x00,0x00,0x00,0x00,0x00,0x00,0x00,0x00,0x00,0x00,0x00,0x00,0x00,0x8a,0x0f,0x65,0x53,
    0x8c,0x10,0x68,0xfc,0x88,0x0f,0x66,0xfc,0x87,0x0f,0x65,0xfe,0x89,0x0f,0x66,0xfd,0x8b,0x0f,0x68,0xff,0x8b,0x0f,0x67,0xf2,
    0x8b,0x0b,0x68,0x16,0x00,0x00,0x00,0x00,0xff,0x00,0xff,0x01,0x00,0x00,0x00,0x00,0x00,0x00,0x00,0x00,0x00,0x00,0x00,0x00,
    0x00,0x00,0x00,0x00,0x00,0x00,0x00,0x00,0x00,0x00,0x00,0x00,0x00,0x00,0x00,0x00,0x00,0xaa,0xff,0x03,0x00,0x00,0x00,0x00,
    0x00,0x73,0xfb,0x4b,0x00,0x7b,0xff,0xff,0x00,0x76,0xfc,0xfb,0x00,0x76,0xfb,0xfe,0x01,0x77,0xfc,0xfc,0x01,0x7a,0xfd,0xff,
    0x01,0x77,0xfc,0xc5,0x00,0x76,0xfb,0x8c,0x00,0x77,0xfd,0x8f,0x01,0x76,0xfd,0x8e,0x01,0x76,0xfb,0x8e,0x00,0x78,0xfd,0x8e,
    0x01,0x77,0xfb,0x8f,0x01,0x75,0xfb,0x91,0x01,0x77,0xfc,0xad,0x01,0x76,0xfc,0xf3,0x00,0x79,0xff,0xff,0x00,0x76,0xfb,0xfd,
    0x00,0x77,0xfc,0xfe,0x01,0x78,0xfc,0xfe,0x01,0x76,0xfb,0xfa,0x01,0x7e,0xff,0xff,0x00,0x76,0xfc,0x58,0x00,0x00,0x00,0x00,
    0x00,0x77,0xf9,0x2d,0x01,0x77,0xfb,0xfe,0x01,0x77,0xfc,0xfe,0x00,0x77,0xfb,0xfe,0x01,0x78,0xfc,0xfc,0x00,0x7b,0xff,0xff,
    0x00,0x77,0xfc,0xdc,0x00,0x66,0xff,0x05,0x00,0x00,0x00,0x00,0x00,0x66,0xcc,0x05,0x00,0x00,0x00,0x00,0x00,0x78,0xfb,0x9f,
    0x01,0x7f,0xff,0xfe,0x00,0x77,0xfc,0xfa,0x01,0x77,0xfc,0xfe,0x01,0x78,0xfc,0xfc,0x01,0x7b,0xfd,0xfe,0x01,0x78,0xfc,0xcc,
    0x00,0x76,0xff,0x47,0x00,0x76,0xff,0x38,0x02,0x7c,0xff,0x6f,0x02,0x72,0xfc,0x59,0xff,0x00,0x00,0x01,0x00,0x00,0x00,0x00,
    0x86,0x0e,0x66,0x9b,0x91,0x10,0x6d,0xff,0x88,0x0f,0x66,0xfa,0x87,0x0f,0x65,0xfe,0x88,0x0f,0x65,0xfd,0x8d,0x10,0x6a,0xff,
    0x88,0x12,0x67,0x36,0x00,0x00,0x00,0x01,0x3f,0x00,0x3f,0x04,0x00,0x00,0x00,0x01,0x00,0x00,0x00,0x01,0x00,0x00,0x00,0x01,
    0x00,0x00,0x00,0x01,0x00,0x00,0x00,0x00,0x00,0x00,0x00,0x00,0x00,0x00,0x00,0x00,0x00,0x00,0x00,0x00,0x00,0x00,0x00,0x00,
    0x00,0x00,0x00,0x00,0x00,0x00,0x00,0x00,0x00,0x00,0x00,0x00,0x55,0x00,0x55,0x03,0x00,0x00,0x00,0x00,0x8a,0x0f,0x65,0x53,
    0x8f,0x0f,0x69,0xf6,0x89,0x0f,0x67,0xfc,0x88,0x0f,0x66,0xfe,0x88,0x0e,0x66,0xfe,0x87,0x0e,0x65,0xfc,0x90,0x0f,0x6b,0xff,
    0x8a,0x0e,0x66,0xf2,0x8a,0x0f,0x67,0xa8,0x8a,0x10,0x66,0x6d,0x89,0x11,0x69,0x57,0x8a,0x0f,0x67,0x60,0x89,0x10,0x64,0x8b,
    0x8a,0x0f,0x66,0xd2,0x91,0x10,0x6a,0xff,0x8b,0x0f,0x68,0xff,0x88,0x0e,0x66,0xfc,0x89,0x0f,0x67,0xfe,0x88,0x0e,0x66,0xf9,
    0x90,0x0f,0x6c,0xff,0x8a,0x0f,0x66,0xd4,0x8b,0x17,0x5c,0x0b,0x7f,0x00,0x7f,0x04,0x00,0x00,0x00,0x00,0x89,0x11,0x63,0x4a,
    0x90,0x11,0x6a,0xff,0x89,0x0f,0x66,0xff,0x92,0x10,0x6d,0xff,0x8b,0x0f,0x67,0xec,0x8a,0x0f,0x66,0xa9,0x8c,0x10,0x66,0x6d,
    0x8a,0x0e,0x66,0x46,0x88,0x0e,0x63,0x36,0x86,0x0d,0x62,0x39,0x8b,0x0f,0x63,0x52,0x8c,0x0f,0x66,0x95,0x8b,0x0f,0x67,0xf9,
    0x8a,0x10,0x67,0xfe,0x88,0x0f,0x65,0xfd,0x88,0x0f,0x66,0xfe,0x88,0x0f,0x66,0xfa,0x90,0x10,0x6c,0xff,0x8b,0x10,0x67,0xbc,
    0x00,0x00,0x00,0x00,0x7f,0x00,0x7f,0x02,0x00,0x00,0x00,0x00,0x00,0x00,0x00,0x00,0x00,0x00,0x00,0x00,0x00,0x00,0x00,0x00,
    0x00,0x00,0x00,0x00,0x00,0x00,0x00,0x00,0x00,0x00,0x00,0x00,0x00,0x00,0x00,0x00,0x00,0xaa,0xff,0x03,0x00,0x00,0x00,0x00,
    0x00,0x77,0xff,0x4b,0x00,0x7b,0xff,0xff,0x00,0x77,0xfc,0xfb,0x01,0x77,0xfb,0xfe,0x01,0x77,0xfc,0xfe,0x01,0x76,0xfb,0xfe,
    0x01,0x7b,0xff,0xff,0x01,0x7f,0xff,0xff,0x01,0x80,0xff,0xff,0x01,0x7f,0xff,0xff,0x01,0x7f,0xff,0xff,0x01,0x80,0xff,0xff,
    0x01,0x7f,0xff,0xff,0x01,0x7f,0xff,0xff,0x01,0x7e,0xff,0xff,0x01,0x79,0xfe,0xff,0x01,0x76,0xfb,0xfd,0x00,0x77,0xfc,0xfe,
    0x01,0x77,0xfb,0xfe,0x01,0x78,0xfc,0xf8,0x01,0x7e,0xff,0xff,0x01,0x78,0xfc,0xd4,0x00,0x7f,0xff,0x0a,0x00,0x00,0x00,0x00,
    0x00,0x79,0xf8,0x2a,0x01,0x77,0xfb,0xfe,0x01,0x78,0xfc,0xfe,0x01,0x78,0xfb,0xfe,0x01,0x78,0xfc,0xfc,0x01,0x7b,0xff,0xff,
    0x01,0x77,0xfb,0xdc,0x00,0x66,0xff,0x05,0x00,0x00,0x00,0x00,0x00,0x7f,0xff,0x04,0x00,0x00,0x00,0x00,0x00,0x78,0xfc,0x57,
    0x01,0x7f,0xff,0xff,0x01,0x76,0xfc,0xf9,0x01,0x77,0xfc,0xfe,0x00,0x77,0xfc,0xfe,0x01,0x77,0xfb,0xfe,0x00,0x79,0xff,0xff,
    0x01,0x7a,0xff,0xff,0x01,0x78,0xff,0xff,0x00,0x81,0xff,0xff,0x01,0x74,0xfb,0xe5,0x3f,0x5f,0xbf,0x08,0x00,0x00,0x00,0x00,
    0x87,0x10,0x68,0x9a,0x91,0x10,0x6d,0xff,0x88,0x0f,0x66,0xfa,0x88,0x0f,0x65,0xfe,0x89,0x0f,0x66,0xfd,0x8d,0x10,0x6a,0xff,
    0x8b,0x13,0x65,0x35,0x00,0x00,0x00,0x00,0x55,0x00,0x55,0x03,0x00,0x00,0x00,0x00,0x00,0x00,0x00,0x00,0x00,0x00,0x00,0x00,
    0x00,0x00,0x00,0x00,0x00,0x00,0x00,0x00,0x00,0x00,0x00,0x00,0x00,0x00,0x00,0x00,0x00,0x00,0x00,0x00,0x00,0x00,0x00,0x00,
    0x00,0x00,0x00,0x00,0x7f,0x00,0x7f,0x02,0x7f,0x00,0x7f,0x04,0x7f,0x00,0x55,0x06,0x00,0x00,0x00,0x00,0x86,0x0d,0x5d,0x13,
    0x8b,0x0f,0x67,0xe8,0x8b,0x0f,0x68,0xfe,0x89,0x0e,0x65,0xfb,0x88,0x0e,0x65,0xfb,0x89,0x0f,0x66,0xfd,0x88,0x0f,0x66,0xfb,
    0x8a,0x0f,0x67,0xff,0x91,0x10,0x6c,0xff,0x92,0x10,0x6c,0xff,0x91,0x10,0x6b,0xff,0x91,0x10,0x6b,0xff,0x91,0x10,0x6d,0xff,
    0x8d,0x10,0x69,0xff,0x88,0x0f,0x65,0xfc,0x88,0x0e,0x65,0xfd,0x88,0x0f,0x65,0xfd,0x88,0x0f,0x67,0xf9,0x92,0x10,0x6d,0xff,
    0x8d,0x10,0x69,0xdf,0x8a,0x0e,0x66,0x23,0x00,0x00,0x00,0x00,0xaa,0x00,0x55,0x03,0x89,0x13,0x62,0x0d,0x89,0x0f,0x65,0xd1,
    0x8c,0x0f,0x68,0xfc,0x87,0x0e,0x66,0xfa,0x88,0x0f,0x66,0xfb,0x8a,0x0f,0x68,0xff,0x90,0x10,0x6c,0xff,0x92,0x10,0x6b,0xff,
    0x8f,0x10,0x68,0xff,0x8c,0x0f,0x67,0xff,0x8b,0x0f,0x67,0xff,0x8f,0x10,0x69,0xff,0x91,0x10,0x6c,0xff,0x89,0x0f,0x66,0xff,
    0x88,0x10,0x66,0xfe,0x88,0x10,0x66,0xfe,0x88,0x0f,0x65,0xfb,0x8a,0x0f,0x68,0xfc,0x8f,0x10,0x6b,0xff,0x8c,0x11,0x66,0x3c,
    0x00,0x00,0x00,0x00,0xaa,0x00,0x55,0x03,0x00,0x00,0x00,0x00,0x00,0x00,0x00,0x00,0x00,0x00,0x00,0x00,0x00,0x00,0x00,0x00,
    0x00,0x00,0x00,0x00,0x00,0x00,0x00,0x00,0x00,0x00,0x00,0x00,0x00,0x00,0x00,0x00,0x00,0xaa,0xff,0x03,0x00,0x00,0x00,0x00,
    0x00,0x75,0xfb,0x4a,0x00,0x7b,0xff,0xfe,0x00,0x78,0xfc,0xfa,0x00,0x77,0xfc,0xfc,0x00,0x76,0xfb,0xfd,0x01,0x77,0xfc,0xfc,
    0x01,0x77,0xfb,0xfb,0x01,0x78,0xfc,0xf9,0x01,0x78,0xfc,0xf9,0x01,0x78,0xfc,0xf9,0x01,0x77,0xfb,0xf9,0x01,0x77,0xfc,0xf9,
    0x00,0x77,0xfb,0xf9,0x00,0x77,0xfc,0xf8,0x01,0x77,0xfc,0xf8,0x00,0x77,0xfc,0xfb,0x00,0x77,0xfc,0xfb,0x00,0x77,0xfb,0xfa,
    0x01,0x77,0xfb,0xfd,0x01,0x80,0xff,0xff,0x01,0x7b,0xfd,0xe7,0x00,0x79,0xff,0x2c,0x00,0x00,0x00,0x00,0x00,0x00,0x00,0x00,
    0x00,0x76,0xf8,0x29,0x00,0x76,0xfb,0xfd,0x01,0x77,0xfc,0xfd,0x00,0x78,0xfc,0xfc,0x01,0x77,0xfc,0xfb,0x01,0x7a,0xff,0xfe,
    0x01,0x77,0xfb,0xdc,0x00,0x99,0xff,0x05,0x00,0x00,0x00,0x00,0x00,0xff,0xff,0x01,0x00,0x7f,0xff,0x02,0x00,0x6d,0xff,0x07,
    0x01,0x75,0xfb,0xd0,0x01,0x80,0xff,0xff,0x01,0x77,0xfb,0xf8,0x01,0x77,0xfc,0xfc,0x01,0x78,0xfc,0xfd,0x00,0x77,0xfc,0xfc,
    0x01,0x77,0xfc,0xfb,0x01,0x77,0xfb,0xfc,0x00,0x77,0xfc,0xf7,0x01,0x7b,0xfd,0xfa,0x0c,0x71,0xf2,0x3f,0x00,0x00,0x00,0x00,
    0x86,0x12,0x68,0x9a,0x90,0x10,0x6b,0xfe,0x88,0x0f,0x65,0xf9,0x88,0x0f,0x64,0xfd,0x87,0x0f,0x66,0xfc,0x8d,0x10,0x69,0xfd,
    0x90,0x13,0x69,0x35,0x00,0x00,0x00,0x00,0x55,0x00,0x55,0x03,0x00,0x00,0x00,0x00,0x00,0x00,0x00,0x00,0x00,0x00,0x00,0x00,
    0x00,0x00,0x00,0x00,0x00,0x00,0x00,0x00,0x00,0x00,0x00,0x00,0x00,0x00,0x00,0x00,0x00,0x00,0x00,0x00,0x00,0x00,0x00,0x00,
    0x55,0x00,0x55,0x03,0x00,0x00,0x00,0x00,0x00,0x00,0x00,0x00,0x00,0x00,0x00,0x00,0x99,0x00,0x66,0x05,0x8b,0x0f,0x66,0xc7,
    0x90,0x10,0x6b,0xff,0x87,0x0f,0x66,0xfa,0x8c,0x10,0x69,0xff,0x90,0x10,0x6b,0xff,0x88,0x0f,0x66,0xfe,0x88,0x0f,0x66,0xfa,
    0x89,0x10,0x67,0xfb,0x88,0x0f,0x66,0xfa,0x87,0x0f,0x66,0xfa,0x87,0x0e,0x65,0xfb,0x87,0x0e,0x67,0xfa,0x88,0x0f,0x66,0xf9,
    0x89,0x0f,0x65,0xfb,0x89,0x0f,0x66,0xfb,0x88,0x0f,0x67,0xfa,0x8b,0x0f,0x68,0xff,0x95,0x11,0x6f,0xff,0x8e,0x10,0x6a,0xbe,
    0x88,0x12,0x64,0x1c,0x00,0x00,0x00,0x00,0x99,0x00,0x66,0x05,0x00,0x00,0x00,0x00,0x8e,0x0e,0x66,0x34,0x92,0x10,0x6b,0xff,
    0x8e,0x0f,0x6a,0xff,0x87,0x0f,0x65,0xfd,0x88,0x0f,0x67,0xfa,0x89,0x10,0x67,0xfa,0x88,0x0f,0x66,0xf9,0x87,0x0e,0x64,0xfa,
    0x88,0x0f,0x65,0xfb,0x88,0x0f,0x65,0xfd,0x87,0x0e,0x65,0xfd,0x88,0x0f,0x65,0xfb,0x87,0x0f,0x66,0xfa,0x88,0x0f,0x66,0xfc,
    0x89,0x10,0x67,0xfb,0x88,0x10,0x67,0xfa,0x8e,0x10,0x6b,0xff,0x91,0x10,0x6c,0xff,0x89,0x10,0x67,0x6a,0x00,0x00,0x00,0x00,
    0x7f,0x00,0x7f,0x02,0x00,0x00,0x00,0x00,0x00,0x00,0x00,0x00,0x00,0x00,0x00,0x00,0x00,0x00,0x00,0x00,0x00,0x00,0x00,0x00,
    0x00,0x00,0x00,0x00,0x00,0x00,0x00,0x00,0x00,0x00,0x00,0x00,0x00,0x00,0x00,0x00,0x00,0xaa,0xff,0x03,0x00,0x00,0x00,0x00,
    0x00,0x75,0xfb,0x4e,0x01,0x80,0xff,0xff,0x00,0x79,0xfd,0xff,0x00,0x79,0xff,0xff,0x00,0x7a,0xff,0xff,0x00,0x7a,0xff,0xff,
    0x01,0x7a,0xff,0xff,0x01,0x7a,0xff,0xff,0x01,0x7b,0xff,0xff,0x01,0x7a,0xff,0xff,0x01,0x7a,0xff,0xff,0x01,0x7a,0xff,0xff,
    0x01,0x7a,0xff,0xff,0x00,0x78,0xff,0xff,0x01,0x79,0xff,0xff,0x01,0x7c,0xff,0xff,0x00,0x7e,0xff,0xff,0x00,0x80,0xff,0xff,
    0x01,0x7c,0xfe,0xff,0x01,0x7b,0xff,0xaf,0x00,0x70,0xf7,0x22,0x00,0x00,0x00,0x00,0x00,0x7f,0xff,0x04,0x00,0x00,0x00,0x00,
    0x00,0x73,0xf9,0x2c,0x01,0x7a,0xff,0xff,0x00,0x7a,0xff,0xff,0x01,0x7a,0xff,0xff,0x01,0x78,0xfe,0xff,0x00,0x7b,0xff,0xff,
    0x01,0x77,0xfc,0xe3,0x00,0x99,0xff,0x05,0x00,0x00,0x00,0x00,0x00,0x00,0xff,0x01,0x00,0x7f,0xff,0x02,0x00,0x00,0x00,0x00,
    0x00,0x74,0xf7,0x23,0x01,0x7a,0xfd,0xd5,0x01,0x80,0xff,0xff,0x01,0x7c,0xff,0xff,0x00,0x79,0xfd,0xff,0x00,0x77,0xfc,0xfd,
    0x01,0x77,0xfb,0xfd,0x01,0x79,0xfd,0xff,0x00,0x79,0xff,0xff,0x01,0x87,0xff,0xff,0x05,0x71,0xf6,0x90,0x00,0x00,0x00,0x00,
    0x84,0x12,0x68,0xa4,0x93,0x10,0x6d,0xff,0x88,0x0f,0x66,0xff,0x8b,0x0f,0x68,0xff,0x8a,0x0f,0x68,0xff,0x91,0x10,0x6e,0xff,
    0x8f,0x11,0x6b,0x39,0x00,0x00,0x00,0x00,0x55,0x00,0x55,0x03,0x00,0x00,0x00,0x00,0x00,0x00,0x00,0x00,0x00,0x00,0x00,0x00,
    0x00,0x00,0x00,0x00,0x00,0x00,0x00,0x00,0x00,0x00,0x00,0x00,0x00,0x00,0x00,0x00,0x00,0x00,0x00,0x00,0x7f,0x00,0x7f,0x02,
    0x00,0x00,0x00,0x00,0x8b,0x10,0x62,0x1f,0x8d,0x0e,0x67,0x6a,0x8b,0x0f,0x67,0x80,0x8a,0x10,0x66,0xb6,0x91,0x11,0x6c,0xff,
    0x86,0x0f,0x66,0xfa,0x90,0x10,0x6b,0xff,0x8a,0x0f,0x66,0xd8,0x8a,0x0e,0x65,0xad,0x8d,0x10,0x68,0xff,0x92,0x10,0x6d,0xff,
    0x8e,0x10,0x6a,0xff,0x8a,0x10,0x68,0xff,0x89,0x10,0x68,0xfe,0x8a,0x10,0x68,0xfc,0x89,0x0f,0x67,0xfd,0x89,0x0f,0x68,0xff,
    0x8c,0x10,0x69,0xff,0x91,0x11,0x6c,0xff,0x93,0x10,0x6f,0xff,0x8e,0x0f,0x69,0xe5,0x8d,0x0f,0x68,0x73,0x00,0x00,0x00,0x01,
    0x00,0x00,0x00,0x00,0x7f,0x00,0x7f,0x02,0x00,0x00,0x00,0x00,0xff,0x00,0xff,0x01,0x7f,0x00,0x7f,0x02,0x88,0x11,0x65,0x49,
    0x8b,0x0e,0x68,0xc3,0x8c,0x10,0x6a,0xff,0x92,0x11,0x6e,0xff,0x8e,0x10,0x6b,0xff,0x8a,0x10,0x68,0xff,0x88,0x0f,0x66,0xff,
    0x88,0x0f,0x67,0xfc,0x88,0x0f,0x66,0xfb,0x88,0x0f,0x66,0xfb,0x88,0x0f,0x67,0xfc,0x89,0x0f,0x67,0xff,0x8b,0x0f,0x69,0xff,
    0x90,0x10,0x6c,0xff,0x92,0x10,0x6e,0xff,0x8e,0x0f,0x6a,0xd5,0x89,0x0d,0x63,0x4a,0x00,0x00,0x00,0x00,0xaa,0x00,0x55,0x03,
    0x00,0x00,0x00,0x00,0x00,0x00,0x00,0x00,0x00,0x00,0x00,0x00,0x00,0x00,0x00,0x00,0x00,0x00,0x00,0x00,0x00,0x00,0x00,0x00,
    0x00,0x00,0x00,0x00,0x00,0x00,0x00,0x00,0x00,0x00,0x00,0x00,0x00,0x00,0x00,0x00,0x00,0x7f,0xff,0x02,0x00,0x00,0x00,0x00,
    0x00,0x76,0xfa,0x3a,0x01,0x7b,0xfd,0xeb,0x01,0x78,0xfc,0xea,0x00,0x77,0xfc,0xeb,0x01,0x77,0xfb,0xec,0x01,0x78,0xfc,0xeb,
    0x01,0x78,0xfc,0xeb,0x01,0x79,0xfc,0xec,0x01,0x76,0xfc,0xeb,0x00,0x76,0xfb,0xec,0x01,0x77,0xfc,0xec,0x00,0x77,0xfc,0xeb,
    0x01,0x76,0xfb,0xec,0x00,0x77,0xfc,0xeb,0x01,0x78,0xfb,0xe7,0x01,0x78,0xfc,0xd8,0x00,0x79,0xfc,0xb8,0x00,0x7b,0xff,0x80,
    0x00,0x7a,0xfa,0x34,0x00,0x00,0x00,0x00,0x00,0x00,0x00,0x00,0x00,0x7f,0xff,0x02,0x00,0xff,0xff,0x01,0x00,0x00,0x00,0x00,
    0x00,0x73,0xf6,0x1f,0x01,0x77,0xfc,0xe3,0x00,0x76,0xfc,0xed,0x00,0x77,0xfb,0xeb,0x01,0x77,0xfc,0xe9,0x01,0x7a,0xff,0xee,
    0x01,0x77,0xfc,0xc0,0x00,0x55,0xff,0x03,0x00,0x00,0xff,0x01,0x00,0x00,0xff,0x01,0x00,0x00,0x00,0x00,0x00,0x7f,0x7f,0x02,
    0x00,0x00,0x00,0x00,0x00,0x6d,0xff,0x0e,0x02,0x7c,0xfc,0x7d,0x01,0x79,0xfc,0xd2,0x00,0x78,0xfc,0xf6,0x00,0x7a,0xff,0xff,
    0x00,0x7a,0xff,0xff,0x01,0x78,0xfc,0xf9,0x01,0x79,0xfd,0xdd,0x01,0x78,0xfd,0x98,0x0b,0x70,0xf3,0x2b,0x00,0x00,0x00,0x00,
    0x87,0x10,0x68,0x7c,0x90,0x0f,0x6b,0xe7,0x89,0x0e,0x66,0xe2,0x8a,0x0f,0x67,0xe5,0x8a,0x0f,0x67,0xe5,0x8e,0x0f,0x6b,0xe0,
    0x89,0x13,0x68,0x27,0x00,0x00,0x00,0x00,0x7f,0x00,0x7f,0x02,0x00,0x00,0x00,0x00,0x00,0x00,0x00,0x00,0x00,0x00,0x00,0x00,
    0x00,0x00,0x00,0x00,0x00,0x00,0x00,0x00,0x00,0x00,0x00,0x00,0x00,0x00,0x00,0x00,0x7f,0x00,0x7f,0x02,0x00,0x00,0x00,0x00,
    0x89,0x0f,0x64,0x66,0x8e,0x0f,0x69,0xf2,0x93,0x10,0x6c,0xff,0x91,0x10,0x6c,0xff,0x8d,0x0f,0x6a,0xff,0x87,0x0f,0x66,0xfb,
    0x8b,0x0f,0x67,0xfd,0x8d,0x0f,0x67,0xe7,0x88,0x12,0x63,0x29,0x00,0x00,0x00,0x00,0x8f,0x12,0x6a,0x37,0x8d,0x10,0x68,0x8d,
    0x8b,0x0e,0x65,0xce,0x88,0x0c,0x64,0xf1,0x89,0x0d,0x65,0xff,0x8d,0x0d,0x67,0xff,0x8c,0x0d,0x66,0xff,0x88,0x0d,0x63,0xfc,
    0x8c,0x0f,0x66,0xe5,0x8d,0x10,0x69,0xb6,0x8e,0x11,0x69,0x68,0x86,0x0d,0x6b,0x13,0x00,0x00,0x00,0x00,0x00,0x00,0x00,0x00,
    0x7f,0x00,0x7f,0x02,0x00,0x00,0x00,0x00,0x00,0x00,0x00,0x00,0x00,0x00,0x00,0x00,0x00,0x00,0x00,0x00,0x00,0x00,0x00,0x00,
    0x00,0x00,0x00,0x00,0x91,0x12,0x68,0x38,0x8c,0x11,0x68,0x86,0x89,0x0e,0x66,0xc3,0x88,0x0d,0x62,0xe8,0x88,0x0d,0x62,0xfb,
    0x8d,0x0e,0x67,0xff,0x8e,0x0e,0x68,0xff,0x8c,0x0d,0x67,0xff,0x8c,0x0d,0x67,0xff,0x89,0x0e,0x65,0xfb,0x8a,0x0e,0x66,0xe1,
    0x8c,0x10,0x69,0xae,0x8e,0x10,0x6a,0x5b,0x7f,0x00,0x5f,0x08,0x00,0x00,0x00,0x00,0xaa,0x00,0x55,0x03,0x00,0x00,0x00,0x00,
    0x00,0x00,0x00,0x00,0x00,0x00,0x00,0x00,0x00,0x00,0x00,0x00,0x00,0x00,0x00,0x00,0x00,0x00,0x00,0x00,0x00,0x00,0x00,0x00,
    0x00,0x00,0x00,0x00,0x00,0x00,0x00,0x00,0x00,0x00,0x00,0x00,0x00,0x00,0x00,0x00,0x00,0x00,0x00,0x00,0x00,0x00,0x00,0x00,
    0x00,0x00,0x00,0x00,0x00,0x6f,0xef,0x10,0x00,0x7f,0xff,0x12,0x00,0x78,0xff,0x11,0x00,0x71,0xf0,0x12,0x00,0x78,0xff,0x11,
    0x00,0x78,0xff,0x11,0x00,0x78,0xff,0x11,0x00,0x78,0xff,0x11,0x00,0x71,0xf0,0x12,0x00,0x71,0xf0,0x12,0x00,0x78,0xff,0x11,
    0x00,0x71,0xf0,0x12,0x00,0x78,0xff,0x11,0x00,0x75,0xff,0x0d,0x00,0x55,0xff,0x03,0x00,0x00,0x00,0x00,0x00,0x00,0x00,0x00,
    0x00,0x00,0x00,0x00,0x00,0x7f,0xff,0x02,0x00,0x7f,0xff,0x02,0x00,0x00,0x00,0x00,0x00,0x00,0x00,0x00,0x00,0x00,0x00,0x00,
    0x00,0x00,0x00,0x00,0x00,0x7f,0xff,0x0c,0x00,0x6b,0xf1,0x13,0x00,0x78,0xff,0x11,0x00,0x78,0xff,0x11,0x00,0x7f,0xff,0x12,
    0x00,0x7f,0xff,0x08,0x00,0x00,0x00,0x00,0x00,0x00,0x00,0x00,0x00,0x00,0x00,0x00,0x00,0x00,0x00,0x00,0x00,0x00,0x00,0x00,
    0x00,0x7f,0xff,0x02,0x00,0x00,0x00,0x00,0x00,0x00,0x00,0x00,0x00,0x00,0xff,0x01,0x00,0x7b,0xff,0x1f,0x00,0x78,0xfa,0x35,
    0x00,0x7a,0xff,0x36,0x00,0x78,0xf7,0x24,0x00,0x91,0xff,0x07,0x00,0x00,0x00,0x00,0x00,0x00,0x00,0x00,0x00,0x00,0x00,0x00,
    0x00,0x00,0x00,0x00,0x8b,0x17,0x73,0x0b,0x94,0x15,0x6a,0x0c,0x94,0x15,0x6a,0x0c,0x94,0x15,0x6a,0x0c,0x7f,0x1f,0x5f,0x08,
    0x00,0x00,0x00,0x00,0x00,0x00,0x00,0x00,0x00,0x00,0x00,0x00,0x00,0x00,0x00,0x00,0x00,0x00,0x00,0x00,0x00,0x00,0x00,0x00,
    0x00,0x00,0x00,0x00,0x00,0x00,0x00,0x00,0x00,0x00,0x00,0x00,0xaa,0x00,0x55,0x03,0x00,0x00,0x00,0x00,0x89,0x0f,0x62,0x41,
    0x90,0x10,0x6a,0xff,0x8a,0x0f,0x68,0xff,0x88,0x0f,0x67,0xfa,0x87,0x0f,0x66,0xfa,0x88,0x0e,0x65,0xfb,0x87,0x0f,0x67,0xfa,
    0x92,0x0f,0x6c,0xff,0x88,0x0d,0x64,0x70,0x00,0x00,0x00,0x00,0x7f,0x00,0x7f,0x06,0x00,0x00,0x00,0x00,0x00,0x00,0x00,0x00,
    0x00,0x00,0x00,0x00,0x84,0x00,0x51,0x19,0x82,0x05,0x56,0x2f,0x81,0x04,0x56,0x3b,0x7f,0x04,0x56,0x38,0x82,0x06,0x55,0x27,
    0x89,0x00,0x62,0x0d,0x00,0x00,0x00,0x00,0x00,0x00,0x00,0x00,0x00,0x00,0x00,0x00,0xaa,0x00,0x55,0x03,0x00,0x00,0x00,0x00,
    0x00,0x00,0x00,0x00,0x00,0x00,0x00,0x00,0x00,0x00,0x00,0x00,0x00,0x00,0x00,0x00,0x00,0x00,0x00,0x00,0xaa,0x00,0x55,0x03,
    0x00,0x00,0x00,0x01,0x00,0x00,0x00,0x00,0x00,0x00,0x00,0x00,0x00,0x00,0x00,0x00,0x88,0x00,0x55,0x0f,0x86,0x06,0x57,0x26,
    0x81,0x04,0x59,0x39,0x81,0x07,0x56,0x47,0x7f,0x03,0x55,0x48,0x83,0x08,0x59,0x3c,0x89,0x06,0x59,0x25,0x7f,0x19,0x66,0x0a,
    0x00,0x00,0x00,0x00,0x00,0x00,0x00,0x00,0x00,0x00,0x00,0x00,0x55,0x00,0x55,0x03,0x00,0x00,0x00,0x00,0x00,0x00,0x00,0x00,
    0x00,0x00,0x00,0x00,0x00,0x00,0x00,0x00,0x00,0x00,0x00,0x00,0x00,0x00,0x00,0x00,0x00,0x00,0x00,0x00,0x00,0x00,0x00,0x00,
    0x00,0x00,0x00,0x00,0x00,0x00,0x00,0x00,0x00,0x00,0x00,0x00,0x00,0x00,0x00,0x00,0x00,0x00,0x00,0x00,0x00,0x00,0x00,0x00,
    0x00,0x00,0x00,0x00,0x00,0x00,0x00,0x00,0x00,0x00,0x00,0x00,0x00,0x00,0x00,0x00,0x00,0x00,0x00,0x00,0x00,0x00,0x00,0x00,
    0x00,0x00,0x00,0x00,0x00,0x00,0x00,0x00,0x00,0x00,0x00,0x00,0x00,0x00,0x00,0x00,0x00,0x00,0x00,0x00,0x00,0x00,0x00,0x00,
    0x00,0x00,0x00,0x00,0x00,0x00,0x00,0x00,0x00,0x00,0x00,0x00,0x00,0x00,0x00,0x00,0x00,0x7f,0xff,0x02,0x00,0x7f,0xff,0x04,
    0x00,0x7f,0xff,0x02,0x00,0x00,0x00,0x00,0x00,0x00,0x00,0x00,0x00,0x00,0x00,0x00,0x00,0x00,0x00,0x00,0x00,0x00,0x00,0x00,
    0x00,0x00,0x00,0x00,0x00,0x00,0x00,0x00,0x00,0x00,0x00,0x00,0x00,0x00,0x00,0x00,0x00,0x00,0x00,0x00,0x00,0x00,0x00,0x00,
    0x00,0x00,0x00,0x00,0x00,0x00,0x00,0x00,0x00,0x00,0x00,0x00,0x00,0x00,0x00,0x00,0x00,0x00,0x00,0x00,0x00,0x00,0x00,0x00,
    0x00,0x00,0x00,0x00,0x00,0x00,0xff,0x01,0x00,0x7f,0xff,0x04,0x00,0x00,0x00,0x00,0x00,0x00,0x00,0x00,0x00,0x00,0x00,0x00,
    0x00,0x00,0x00,0x00,0x00,0x00,0x00,0x00,0x00,0x00,0x00,0x00,0x00,0xaa,0xff,0x03,0x00,0x7f,0xff,0x02,0x00,0x00,0x00,0x00,
    0x00,0x00,0x00,0x00,0x00,0x00,0x00,0x00,0x00,0x00,0x00,0x00,0x00,0x00,0x00,0x00,0x00,0x00,0x00,0x00,0x00,0x00,0x00,0x00,
    0x00,0x00,0x00,0x00,0x00,0x00,0x00,0x00,0x00,0x00,0x00,0x00,0x00,0x00,0x00,0x00,0x00,0x00,0x00,0x00,0x00,0x00,0x00,0x00,
    0x00,0x00,0x00,0x00,0x00,0x00,0x00,0x00,0x00,0x00,0x00,0x00,0xaa,0x00,0x55,0x03,0x00,0x00,0x00,0x00,0x8a,0x10,0x64,0xaf,
    0x90,0x10,0x6b,0xfe,0x88,0x0e,0x65,0xf9,0x88,0x0f,0x66,0xfe,0x88,0x0f,0x65,0xfe,0x88,0x0f,0x66,0xfe,0x89,0x0f,0x67,0xfb,
    0x8f,0x10,0x6c,0xff,0x8a,0x0f,0x66,0xb1,0x7f,0x00,0x7f,0x02,0x55,0x00,0x55,0x03,0x7f,0x00,0x7f,0x02,0x7f,0x00,0x7f,0x04,
    0x00,0x00,0x00,0x00,0x00,0x00,0x00,0x00,0x00,0x00,0x00,0x00,0x00,0x00,0x00,0x00,0x00,0x00,0x00,0x00,0x00,0x00,0x00,0x00,
    0x00,0x00,0x00,0x00,0x7f,0x00,0x7f,0x02,0x7f,0x00,0x7f,0x04,0xff,0x00,0x00,0x01,0x00,0x00,0x00,0x00,0x00,0x00,0x00,0x00,
    0x00,0x00,0x00,0x00,0x00,0x00,0x00,0x00,0x00,0x00,0x00,0x00,0x00,0x00,0x00,0x00,0x00,0x00,0x00,0x00,0x00,0x00,0x00,0x00,
    0x00,0x00,0x00,0x00,0x55,0x00,0x55,0x03,0x7f,0x00,0x7f,0x04,0xff,0x00,0xff,0x01,0x00,0x00,0x00,0x00,0x00,0x00,0x00,0x00,
    0x00,0x00,0x00,0x00,0x00,0x00,0x00,0x00,0x00,0x00,0x00,0x00,0x00,0x00,0x00,0x00,0x00,0x00,0x00,0x00,0x00,0x00,0x00,0x00,
    0x55,0x00,0x55,0x03,0xaa,0x00,0x55,0x03,0x00,0x00,0x00,0x01,0x00,0x00,0x00,0x00,0x00,0x00,0x00,0x00,0x00,0x00,0x00,0x00,
    0x00,0x00,0x00,0x00,0x00,0x00,0x00,0x00,0x00,0x00,0x00,0x00,0x00,0x00,0x00,0x00,0x00,0x00,0x00,0x00,0x00,0x00,0x00,0x00,
    0x00,0x00,0x00,0x00,0x00,0x00,0x00,0x00,0x00,0x00,0x00,0x00,0x00,0x00,0x00,0x00,0x00,0x00,0x00,0x00,0x00,0x00,0x00,0x00,
    0x00,0x00,0x00,0x00,0x00,0xff,0xff,0x01,0x00,0xff,0xff,0x01,0x00,0xff,0xff,0x01,0x00,0xff,0xff,0x01,0x00,0xff,0xff,0x01,
    0x00,0xff,0xff,0x01,0x00,0xff,0xff,0x01,0x00,0xff,0xff,0x01,0x00,0xff,0xff,0x01,0x00,0xff,0xff,0x01,0x00,0xff,0xff,0x01,
    0x00,0xff,0xff,0x01,0x00,0xff,0xff,0x01,0x00,0x00,0xff,0x01,0x00,0x00,0xff,0x01,0x00,0x00,0x00,0x00,0x00,0x00,0x00,0x00,
    0x00,0x00,0x00,0x00,0x00,0x00,0x00,0x00,0x00,0x00,0x00,0x00,0x00,0x00,0x00,0x00,0x00,0x00,0x00,0x00,0x00,0x00,0x00,0x00,
    0x00,0x00,0x00,0x00,0x00,0x00,0xff,0x01,0x00,0xff,0xff,0x01,0x00,0xff,0xff,0x01,0x00,0xff,0xff,0x01,0x00,0xff,0xff,0x01,
    0x00,0x00,0xff,0x01,0x00,0x00,0x00,0x00,0x00,0x00,0x00,0x00,0x00,0x00,0x00,0x00,0x00,0x00,0x00,0x00,0x00,0x00,0x00,0x00,
    0x00,0x00,0x00,0x00,0x00,0x00,0x00,0x00,0x00,0x00,0x00,0x00,0x00,0x00,0xff,0x01,0x00,0x7f,0xff,0x02,0x00,0x55,0xff,0x03,
    0x00,0x55,0xff,0x03,0x00,0x7f,0xff,0x02,0x00,0x00,0xff,0x01,0x00,0x00,0x00,0x00,0x00,0x00,0x00,0x00,0x00,0x00,0x00,0x00,
    0x00,0x00,0x00,0x00,0xff,0x00,0x00,0x01,0xff,0x00,0x00,0x01,0xff,0x00,0x00,0x01,0xff,0x00,0x00,0x01,0x00,0x00,0x00,0x01,
    0x00,0x00,0x00,0x00,0x00,0x00,0x00,0x00,0x00,0x00,0x00,0x00,0x00,0x00,0x00,0x00,0x00,0x00,0x00,0x00,0x00,0x00,0x00,0x00,
    0x00,0x00,0x00,0x00,0x00,0x00,0x00,0x00,0x00,0x00,0x00,0x00,0x00,0x00,0x00,0x00,0x00,0x00,0x00,0x00,0x89,0x0f,0x64,0xd0,
    0x8d,0x10,0x69,0xfe,0x87,0x0f,0x65,0xfc,0x87,0x0e,0x65,0xfe,0x88,0x0e,0x65,0xfe,0x88,0x0f,0x66,0xfe,0x88,0x0e,0x66,0xfc,
    0x8c,0x0f,0x6a,0xff,0x8a,0x0f,0x66,0xd4,0x00,0x00,0x00,0x00,0x00,0x00,0x00,0x00,0x00,0x00,0x00,0x00,0x00,0x00,0x00,0x00,
    0x00,0x00,0x00,0x00,0xff,0x00,0xff,0x01,0x7f,0x00,0x7f,0x02,0x55,0x00,0x55,0x03,0x55,0x00,0x55,0x03,0x7f,0x00,0x7f,0x02,
    0xff,0x00,0x00,0x01,0x00,0x00,0x00,0x00,0x00,0x00,0x00,0x00,0x00,0x00,0x00,0x00,0x00,0x00,0x00,0x00,0x00,0x00,0x00,0x00,
    0x00,0x00,0x00,0x00,0x00,0x00,0x00,0x00,0x00,0x00,0x00,0x00,0x00,0x00,0x00,0x00,0x00,0x00,0x00,0x00,0x00,0x00,0x00,0x00,
    0x00,0x00,0x00,0x00,0x00,0x00,0x00,0x00,0x00,0x00,0x00,0x00,0x00,0x00,0x00,0x00,0xff,0x00,0x00,0x01,0x7f,0x00,0x7f,0x02,
    0x55,0x00,0x55,0x03,0xaa,0x00,0x55,0x03,0xaa,0x00,0x55,0x03,0x55,0x00,0x55,0x03,0x7f,0x00,0x7f,0x02,0x00,0x00,0x00,0x01,
    0x00,0x00,0x00,0x00,0x00,0x00,0x00,0x00,0x00,0x00,0x00,0x00,0x00,0x00,0x00,0x00,0x00,0x00,0x00,0x00,0x00,0x00,0x00,0x00,
    0x00,0x00,0x00,0x00,0x00,0x00,0x00,0x00,0x00,0x00,0x00,0x00,0x00,0x00,0x00,0x00,0x00,0x00,0x00,0x00,0x00,0x00,0x00,0x00,
    0x00,0x00,0x00,0x00,0x00,0x00,0x00,0x00,0x00,0x00,0x00,0x00,0x00,0x00,0x00,0x00,0x00,0x00,0x00,0x00,0x00,0x00,0x00,0x00,
    0x00,0x00,0x00,0x00,0x00,0x00,0x00,0x00,0x00,0x00,0x00,0x00,0x00,0x00,0x00,0x00,0x00,0x00,0x00,0x00,0x00,0x00,0x00,0x00,
    0x00,0x00,0x00,0x00,0x00,0x00,0x00,0x00,0x00,0x00,0x00,0x00,0x00,0x00,0x00,0x00,0x00,0x00,0x00,0x00,0x00,0x00,0x00,0x00,
    0x00,0x00,0x00,0x00,0x00,0x00,0x00,0x00,0x00,0x00,0x00,0x00,0x00,0x00,0x00,0x00,0x00,0x00,0x00,0x00,0x00,0x00,0x00,0x00,
    0x00,0x00,0x00,0x00,0x00,0x00,0x00,0x00,0x00,0x00,0x00,0x00,0x00,0x00,0x00,0x00,0x00,0x00,0x00,0x00,0x00,0x00,0x00,0x00,
    0x00,0x00,0x00,0x00,0x00,0x00,0x00,0x00,0x00,0x00,0x00,0x00,0x00,0x00,0x00,0x00,0x00,0x00,0x00,0x00,0x00,0x00,0x00,0x00,
    0x00,0x00,0x00,0x00,0x00,0x00,0x00,0x00,0x00,0x00,0x00,0x00,0x00,0x00,0x00,0x00,0x00,0x00,0x00,0x00,0x00,0x00,0x00,0x00,
    0x00,0x00,0x00,0x00,0x00,0x00,0x00,0x00,0x00,0x00,0x00,0x00,0x00,0x00,0x00,0x00,0x00,0x00,0x00,0x00,0x00,0x00,0x00,0x00,
    0x00,0x00,0x00,0x00,0x00,0x00,0x00,0x00,0x00,0x00,0x00,0x00,0x00,0x00,0x00,0x00,0x00,0x00,0x00,0x00,0x00,0x00,0x00,0x00,
    0x00,0x00,0x00,0x00,0x00,0x00,0x00,0x00,0x00,0x00,0x00,0x00,0x00,0x00,0x00,0x00,0x00,0x00,0x00,0x00,0x00,0x00,0x00,0x00,
    0x00,0x00,0x00,0x00,0x00,0x00,0x00,0x00,0x00,0x00,0x00,0x00,0x00,0x00,0x00,0x00,0x00,0x00,0x00,0x00,0x00,0x00,0x00,0x00,
    0x00,0x00,0x00,0x00,0x00,0x00,0x00,0x00,0x00,0x00,0x00,0x00,0x55,0x00,0x55,0x03,0x00,0x00,0x00,0x00,0x89,0x10,0x65,0xb7,
    0x90,0x10,0x6b,0xfe,0x87,0x0f,0x66,0xfa,0x87,0x0e,0x65,0xfe,0x87,0x0e,0x65,0xfe,0x88,0x0f,0x66,0xfe,0x88,0x0e,0x65,0xf9,
    0x90,0x10,0x6c,0xfe,0x8a,0x0f,0x66,0xb6,0x00,0x00,0x00,0x00,0x55,0x00,0x55,0x03,0x00,0x00,0x00,0x00,0x00,0x00,0x00,0x00,
    0x00,0x00,0x00,0x00,0x00,0x00,0x00,0x00,0x00,0x00,0x00,0x00,0x00,0x00,0x00,0x00,0x00,0x00,0x00,0x00,0x00,0x00,0x00,0x00,
    0x00,0x00,0x00,0x00,0x00,0x00,0x00,0x00,0x00,0x00,0x00,0x00,0x00,0x00,0x00,0x00,0x00,0x00,0x00,0x00,0x00,0x00,0x00,0x00,
    0x00,0x00,0x00,0x00,0x00,0x00,0x00,0x00,0x00,0x00,0x00,0x00,0x00,0x00,0x00,0x00,0x00,0x00,0x00,0x00,0x00,0x00,0x00,0x00,
    0x00,0x00,0x00,0x00,0x00,0x00,0x00,0x00,0x00,0x00,0x00,0x00,0x00,0x00,0x00,0x00,0x00,0x00,0x00,0x00,0x00,0x00,0x00,0x00,
    0x00,0x00,0x00,0x00,0x00,0x00,0x00,0x00,0x00,0x00,0x00,0x00,0x00,0x00,0x00,0x00,0x00,0x00,0x00,0x00,0x00,0x00,0x00,0x00,
    0x00,0x00,0x00,0x00,0x00,0x00,0x00,0x00,0x00,0x00,0x00,0x00,0x00,0x00,0x00,0x00,0x00,0x00,0x00,0x00,0x00,0x00,0x00,0x00,
    0x00,0x00,0x00,0x00,0x00,0x00,0x00,0x00,0x00,0x00,0x00,0x00,0x00,0x00,0x00,0x00,0x00,0x00,0x00,0x00,0x00,0x00,0x00,0x00,
    0x00,0x00,0x00,0x00,0x00,0x00,0x00,0x00,0x00,0x00,0x00,0x00,0x00,0x00,0x00,0x00,0x00,0x00,0x00,0x00,0x00,0x00,0x00,0x00,
    0x00,0x00,0x00,0x00,0x00,0x00,0x00,0x00,0x00,0x00,0x00,0x00,0x00,0x00,0x00,0x00,0x00,0x00,0x00,0x00,0x00,0x00,0x00,0x00,
    0x00,0x00,0x00,0x00,0x00,0x00,0x00,0x00,0x00,0x00,0x00,0x00,0x00,0x00,0x00,0x00,0x00,0x00,0x00,0x00,0x00,0x00,0x00,0x00,
    0x00,0x00,0x00,0x00,0x00,0x00,0x00,0x00,0x00,0x00,0x00,0x00,0x00,0x00,0x00,0x00,0x00,0x00,0x00,0x00,0x00,0x00,0x00,0x00,
    0x00,0x00,0x00,0x00,0x00,0x00,0x00,0x00,0x00,0x00,0x00,0x00,0x00,0x00,0x00,0x00,0x00,0x00,0x00,0x00,0x00,0x00,0x00,0x00,
    0x00,0x00,0x00,0x00,0x00,0x00,0x00,0x00,0x00,0x00,0x00,0x00,0x00,0x00,0x00,0x00,0x00,0x00,0x00,0x00,0x00,0x00,0x00,0x00,
    0x00,0x00,0x00,0x00,0x00,0x00,0x00,0x00,0x00,0x00,0x00,0x00,0x00,0x00,0x00,0x00,0x00,0x00,0x00,0x00,0x00,0x00,0x00,0x00,
    0x00,0x00,0x00,0x00,0x00,0x00,0x00,0x00,0x00,0x00,0x00,0x00,0x00,0x00,0x00,0x00,0x00,0x00,0x00,0x00,0x00,0x00,0x00,0x00,
    0x00,0x00,0x00,0x00,0x00,0x00,0x00,0x00,0x00,0x00,0x00,0x00,0x00,0x00,0x00,0x00,0x00,0x00,0x00,0x00,0x00,0x00,0x00,0x00,
    0x00,0x00,0x00,0x00,0x00,0x00,0x00,0x00,0x00,0x00,0x00,0x00,0x00,0x00,0x00,0x00,0x00,0x00,0x00,0x00,0x00,0x00,0x00,0x00,
    0x00,0x00,0x00,0x00,0x00,0x00,0x00,0x00,0x00,0x00,0x00,0x00,0x00,0x00,0x00,0x00,0x00,0x00,0x00,0x00,0x00,0x00,0x00,0x00,
    0x00,0x00,0x00,0x00,0x00,0x00,0x00,0x00,0x00,0x00,0x00,0x00,0xaa,0x00,0x55,0x03,0x00,0x00,0x00,0x00,0x89,0x11,0x67,0x4a,
    0x93,0x10,0x6d,0xff,0x89,0x0f,0x67,0xff,0x87,0x0f,0x65,0xfb,0x88,0x0e,0x65,0xfb,0x88,0x0e,0x65,0xfb,0x8b,0x0f,0x68,0xff,
    0x91,0x10,0x6c,0xff,0x8a,0x0e,0x66,0x46,0x00,0x00,0x00,0x00,0xaa,0x00,0x55,0x03,0x00,0x00,0x00,0x00,0x00,0x00,0x00,0x00,
    0x00,0x00,0x00,0x00,0x00,0x00,0x00,0x00,0x00,0x00,0x00,0x00,0x00,0x00,0x00,0x00,0x00,0x00,0x00,0x00,0x00,0x00,0x00,0x00,
    0x00,0x00,0x00,0x00,0x00,0x00,0x00,0x00,0x00,0x00,0x00,0x00,0x00,0x00,0x00,0x00,0x00,0x00,0x00,0x00,0x00,0x00,0x00,0x00,
    0x00,0x00,0x00,0x00,0x00,0x00,0x00,0x00,0x00,0x00,0x00,0x00,0x00,0x00,0x00,0x00,0x00,0x00,0x00,0x00,0x00,0x00,0x00,0x00,
    0x00,0x00,0x00,0x00,0x00,0x00,0x00,0x00,0x00,0x00,0x00,0x00,0x00,0x00,0x00,0x00,0x00,0x00,0x00,0x00,0x00,0x00,0x00,0x00,
    0x00,0x00,0x00,0x00,0x00,0x00,0x00,0x00,0x00,0x00,0x00,0x00,0x00,0x00,0x00,0x00,0x00,0x00,0x00,0x00,0x00,0x00,0x00,0x00,
    0x00,0x00,0x00,0x00,0x00,0x00,0x00,0x00,0x00,0x00,0x00,0x00,0x00,0x00,0x00,0x00,0x00,0x00,0x00,0x00,0x00,0x00,0x00,0x00,
    0x00,0x00,0x00,0x00,0x00,0x00,0x00,0x00,0x00,0x00,0x00,0x00,0x00,0x00,0x00,0x00,0x00,0x00,0x00,0x00,0x00,0x00,0x00,0x00,
    0x00,0x00,0x00,0x00,0x00,0x00,0x00,0x00,0x00,0x00,0x00,0x00,0x00,0x00,0x00,0x00,0x00,0x00,0x00,0x00,0x00,0x00,0x00,0x00,
    0x00,0x00,0x00,0x00,0x00,0x00,0x00,0x00,0x00,0x00,0x00,0x00,0x00,0x00,0x00,0x00,0x00,0x00,0x00,0x00,0x00,0x00,0x00,0x00,
    0x00,0x00,0x00,0x00,0x00,0x00,0x00,0x00,0x00,0x00,0x00,0x00,0x00,0x00,0x00,0x00,0x00,0x00,0x00,0x00,0x00,0x00,0x00,0x00,
    0x00,0x00,0x00,0x00,0x00,0x00,0x00,0x00,0x00,0x00,0x00,0x00,0x00,0x00,0x00,0x00,0x00,0x00,0x00,0x00,0x00,0x00,0x00,0x00,
    0x00,0x00,0x00,0x00,0x00,0x00,0x00,0x00,0x00,0x00,0x00,0x00,0x00,0x00,0x00,0x00,0x00,0x00,0x00,0x00,0x00,0x00,0x00,0x00,
    0x00,0x00,0x00,0x00,0x00,0x00,0x00,0x00,0x00,0x00,0x00,0x00,0x00,0x00,0x00,0x00,0x00,0x00,0x00,0x00,0x00,0x00,0x00,0x00,
    0x00,0x00,0x00,0x00,0x00,0x00,0x00,0x00,0x00,0x00,0x00,0x00,0x00,0x00,0x00,0x00,0x00,0x00,0x00,0x00,0x00,0x00,0x00,0x00,
    0x00,0x00,0x00,0x00,0x00,0x00,0x00,0x00,0x00,0x00,0x00,0x00,0x00,0x00,0x00,0x00,0x00,0x00,0x00,0x00,0x00,0x00,0x00,0x00,
    0x00,0x00,0x00,0x00,0x00,0x00,0x00,0x00,0x00,0x00,0x00,0x00,0x00,0x00,0x00,0x00,0x00,0x00,0x00,0x00,0x00,0x00,0x00,0x00,
    0x00,0x00,0x00,0x00,0x00,0x00,0x00,0x00,0x00,0x00,0x00,0x00,0x00,0x00,0x00,0x00,0x00,0x00,0x00,0x00,0x00,0x00,0x00,0x00,
    0x00,0x00,0x00,0x00,0x00,0x00,0x00,0x00,0x00,0x00,0x00,0x00,0x00,0x00,0x00,0x00,0x00,0x00,0x00,0x00,0x00,0x00,0x00,0x00,
    0x00,0x00,0x00,0x00,0x00,0x00,0x00,0x00,0x00,0x00,0x00,0x00,0x00,0x00,0x00,0x00,0x7f,0x00,0x7f,0x02,0x00,0x00,0x00,0x00,
    0x87,0x10,0x64,0x6d,0x8d,0x0f,0x6a,0xf2,0x8f,0x10,0x6b,0xff,0x8f,0x0f,0x6b,0xff,0x8f,0x0f,0x6b,0xff,0x8d,0x0f,0x6a,0xee,
    0x87,0x0f,0x63,0x64,0x00,0x00,0x00,0x00,0x7f,0x00,0x7f,0x02,0x00,0x00,0x00,0x00,0x00,0x00,0x00,0x00,0x00,0x00,0x00,0x00,
    0x00,0x00,0x00,0x00,0x00,0x00,0x00,0x00,0x00,0x00,0x00,0x00,0x00,0x00,0x00,0x00,0x00,0x00,0x00,0x00,0x00,0x00,0x00,0x00,
    0x00,0x00,0x00,0x00,0x00,0x00,0x00,0x00,0x00,0x00,0x00,0x00,0x00,0x00,0x00,0x00,0x00,0x00,0x00,0x00,0x00,0x00,0x00,0x00,
    0x00,0x00,0x00,0x00,0x00,0x00,0x00,0x00,0x00,0x00,0x00,0x00,0x00,0x00,0x00,0x00,0x00,0x00,0x00,0x00,0x00,0x00,0x00,0x00,
    0x00,0x00,0x00,0x00,0x00,0x00,0x00,0x00,0x00,0x00,0x00,0x00,0x00,0x00,0x00,0x00,0x00,0x00,0x00,0x00,0x00,0x00,0x00,0x00,
    0x00,0x00,0x00,0x00,0x00,0x00,0x00,0x00,0x00,0x00,0x00,0x00,0x00,0x00,0x00,0x00,0x00,0x00,0x00,0x00,0x00,0x00,0x00,0x00,
    0x00,0x00,0x00,0x00,0x00,0x00,0x00,0x00,0x00,0x00,0x00,0x00,0x00,0x00,0x00,0x00,0x00,0x00,0x00,0x00,0x00,0x00,0x00,0x00,
    0x00,0x00,0x00,0x00,0x00,0x00,0x00,0x00,0x00,0x00,0x00,0x00,0x00,0x00,0x00,0x00,0x00,0x00,0x00,0x00,0x00,0x00,0x00,0x00,
    0x00,0x00,0x00,0x00,0x00,0x00,0x00,0x00,0x00,0x00,0x00,0x00,0x00,0x00,0x00,0x00,0x00,0x00,0x00,0x00,0x00,0x00,0x00,0x00,
    0x00,0x00,0x00,0x00,0x00,0x00,0x00,0x00,0x00,0x00,0x00,0x00,0x00,0x00,0x00,0x00,0x00,0x00,0x00,0x00,0x00,0x00,0x00,0x00,
    0x00,0x00,0x00,0x00,0x00,0x00,0x00,0x00,0x00,0x00,0x00,0x00,0x00,0x00,0x00,0x00,0x00,0x00,0x00,0x00,0x00,0x00,0x00,0x00,
    0x00,0x00,0x00,0x00,0x00,0x00,0x00,0x00,0x00,0x00,0x00,0x00,0x00,0x00,0x00,0x00,0x00,0x00,0x00,0x00,0x00,0x00,0x00,0x00,
    0x00,0x00,0x00,0x00,0x00,0x00,0x00,0x00,0x00,0x00,0x00,0x00,0x00,0x00,0x00,0x00,0x00,0x00,0x00,0x00,0x00,0x00,0x00,0x00,
    0x00,0x00,0x00,0x00,0x00,0x00,0x00,0x00,0x00,0x00,0x00,0x00,0x00,0x00,0x00,0x00,0x00,0x00,0x00,0x00,0x00,0x00,0x00,0x00,
    0x00,0x00,0x00,0x00,0x00,0x00,0x00,0x00,0x00,0x00,0x00,0x00,0x00,0x00,0x00,0x00,0x00,0x00,0x00,0x00,0x00,0x00,0x00,0x00,
    0x00,0x00,0x00,0x00,0x00,0x00,0x00,0x00,0x00,0x00,0x00,0x00,0x00,0x00,0x00,0x00,0x00,0x00,0x00,0x00,0x00,0x00,0x00,0x00,
    0x00,0x00,0x00,0x00,0x00,0x00,0x00,0x00,0x00,0x00,0x00,0x00,0x00,0x00,0x00,0x00,0x00,0x00,0x00,0x00,0x00,0x00,0x00,0x00,
    0x00,0x00,0x00,0x00,0x00,0x00,0x00,0x00,0x00,0x00,0x00,0x00,0x00,0x00,0x00,0x00,0x00,0x00,0x00,0x00,0x00,0x00,0x00,0x00,
    0x00,0x00,0x00,0x00,0x00,0x00,0x00,0x00,0x00,0x00,0x00,0x00,0x00,0x00,0x00,0x00,0x00,0x00,0x00,0x00,0x00,0x00,0x00,0x00,
    0x00,0x00,0x00,0x00,0x00,0x00,0x00,0x00,0x00,0x00,0x00,0x00,0x00,0x00,0x00,0x00,0x00,0x00,0x00,0x00,0x7f,0x00,0x7f,0x02,
    0x00,0x00,0x00,0x00,0x8f,0x13,0x68,0x27,0x8e,0x0f,0x69,0x74,0x8e,0x10,0x69,0x8c,0x8d,0x0f,0x68,0x70,0x87,0x0f,0x61,0x22,
    0x00,0x00,0x00,0x00,0x7f,0x00,0x7f,0x02,0x00,0x00,0x00,0x00,0x00,0x00,0x00,0x00,0x00,0x00,0x00,0x00,0x00,0x00,0x00,0x00,
    0x00,0x00,0x00,0x00,0x00,0x00,0x00,0x00,0x00,0x00,0x00,0x00,0x00,0x00,0x00,0x00,0x00,0x00,0x00,0x00,0x00,0x00,0x00,0x00,
    0x00,0x00,0x00,0x00,0x00,0x00,0x00,0x00,0x00,0x00,0x00,0x00,0x00,0x00,0x00,0x00,0x00,0x00,0x00,0x00,0x00,0x00,0x00,0x00,
    0x00,0x00,0x00,0x00,0x00,0x00,0x00,0x00,0x00,0x00,0x00,0x00,0x00,0x00,0x00,0x00,0x00,0x00,0x00,0x00,0x00,0x00,0x00,0x00,
    0x00,0x00,0x00,0x00,0x00,0x00,0x00,0x00,0x00,0x00,0x00,0x00,0x00,0x00,0x00,0x00,0x00,0x00,0x00,0x00,0x00,0x00,0x00,0x00,
    0x00,0x00,0x00,0x00,0x00,0x00,0x00,0x00,0x00,0x00,0x00,0x00,0x00,0x00,0x00,0x00,0x00,0x00,0x00,0x00,0x00,0x00,0x00,0x00,
    0x00,0x00,0x00,0x00,0x00,0x00,0x00,0x00,0x00,0x00,0x00,0x00,0x00,0x00,0x00,0x00,0x00,0x00,0x00,0x00,0x00,0x00,0x00,0x00,
    0x00,0x00,0x00,0x00,0x00,0x00,0x00,0x00,0x00,0x00,0x00,0x00,0x00,0x00,0x00,0x00,0x00,0x00,0x00,0x00,0x00,0x00,0x00,0x00,
};

const lv_image_dsc_t bitpos_logo = {
    .header = {.magic=LV_IMAGE_HEADER_MAGIC, .cf=LV_COLOR_FORMAT_ARGB8888,
               .w=126, .h=42, .stride=504},
    .data_size=sizeof(pixels), .data=pixels,
};
